Date,Candidate,Headline,Snippet,Headline_Cleaned,Snippet_Cleaned,Headline_Keywords,Headline_Stopwords,Headline_Tokens,Sentiment_Values,Sentiment,Snippet_Sentiment_Values,Snippet_Sentiment,Headline_polarity,Snippet_polarity
01/10/2016,Trump,"John Sununu reverses position, endorses Trump",Former New Hampshire governor explains his decision to support the GOP candidate,"John Sununu reverses position, endorses Trump",Former New Hampshire governor explains his decision to support the GOP candidate,"John, Sununu, reverses, position, ,, endorses, Trump",,"John, Sununu, reverses, position, ,, endorses, Trump","[{'neg': 0.0, 'neu': 0.676, 'pos': 0.324, 'compound': 0.34}]",neu,"[{'neg': 0.0, 'neu': 0.803, 'pos': 0.197, 'compound': 0.4019}]",neu,0.34,0.4019
01/10/2016,Trump,Campaign adviser: Trump wins the debate over the economy,Fox News contributor and economic adviser to Trump explains on 'America's Election HQ' what issues he hopes the candidate will address at future debates,Campaign adviser: Trump wins the debate over the economy,Fox News contributor and economic adviser to Trump explains on 'America's Election HQ' what issues he hopes the candidate will address at future debates,"Campaign, adviser, :, Trump, wins, debate, economy","the, over, the","Campaign, adviser, :, Trump, wins, the, debate, over, the, economy","[{'neg': 0.0, 'neu': 0.684, 'pos': 0.316, 'compound': 0.5719}]",neu,"[{'neg': 0.0, 'neu': 0.891, 'pos': 0.109, 'compound': 0.4215}]",neu,0.5719,0.4215
01/10/2016,Trump,Women who know Trump defend the GOP candidate's character,Former VP of Trump International and former pageant contestants speak out on 'Hannity',Women who know Trump defend the GOP candidate's character,Former VP of Trump International and former pageant contestants speak out on 'Hannity',"Women, know, Trump, defend, GOP, candidate, character","who, the, 's","Women, who, know, Trump, defend, the, GOP, candidate, 's, character","[{'neg': 0.0, 'neu': 1.0, 'pos': 0.0, 'compound': 0.0}]",neu,"[{'neg': 0.0, 'neu': 1.0, 'pos': 0.0, 'compound': 0.0}]",neu,0.0,0.0
01/10/2016,Trump,Trump's economic agenda: Cutting taxes for job creation,Trump senior economic adviser Steve Moore explains the strategy,Trump's economic agenda: Cutting taxes for job creation,Trump senior economic adviser Steve Moore explains the strategy,"Trump, economic, agenda, :, Cutting, taxes, job, creation","'s, for","Trump, 's, economic, agenda, :, Cutting, taxes, for, job, creation","[{'neg': 0.156, 'neu': 0.625, 'pos': 0.219, 'compound': 0.1531}]",neu,"[{'neg': 0.0, 'neu': 1.0, 'pos': 0.0, 'compound': 0.0}]",neu,0.1531,0.0
01/10/2016,Trump,Presidential campaign spiraling downward with talk of sex tapes,"Donald Trump is encouraging voters to check out a ""sex tape"" featuring the former beauty queen with whom he's feuding. Hillary Clinton's campaign is suggesting that a better rental is the adult film in which Trump himself appears.",Presidential campaign spiraling downward with talk of sex tapes,"Donald Trump is encouraging voters to check out a ""sex tape"" featuring the former beauty queen with whom he's feuding Hillary Clinton's campaign is suggesting that a better rental is the adult film in which Trump himself appears","Presidential, campaign, spiraling, downward, talk, sex, tapes","with, of","Presidential, campaign, spiraling, downward, with, talk, of, sex, tapes","[{'neg': 0.0, 'neu': 1.0, 'pos': 0.0, 'compound': 0.0}]",neu,"[{'neg': 0.058, 'neu': 0.716, 'pos': 0.226, 'compound': 0.8176}]",compound,0.0,0.8176
01/10/2016,Trump,Krauthammer: Trump needs to stop falling for traps,Syndicated columnist offers advice to both of the candidates on 'The Kelly File',Krauthammer: Trump needs to stop falling for traps,Syndicated columnist offers advice to both of the candidates on 'The Kelly File',"Krauthammer, :, Trump, needs, stop, falling, traps","to, for","Krauthammer, :, Trump, needs, to, stop, falling, for, traps","[{'neg': 0.388, 'neu': 0.612, 'pos': 0.0, 'compound': -0.4215}]",neu,"[{'neg': 0.0, 'neu': 1.0, 'pos': 0.0, 'compound': 0.0}]",neu,-0.4215,0.0
01/10/2016,Trump,Ben Carson reacts to Trump's attacks on former Miss Universe,Trump supporter hopes the GOP candidate will focus on the issues,Ben Carson reacts to Trump's attacks on former Miss Universe,Trump supporter hopes the GOP candidate will focus on the issues,"Ben, Carson, reacts, Trump, attacks, Miss, Universe","to, 's, on, former","Ben, Carson, reacts, to, Trump, 's, attacks, on, former, Miss, Universe","[{'neg': 0.36, 'neu': 0.64, 'pos': 0.0, 'compound': -0.5423}]",neu,"[{'neg': 0.0, 'neu': 0.647, 'pos': 0.353, 'compound': 0.5994}]",neu,-0.5423,0.5994
01/10/2016,Trump,Trump looks to get past tweet frenzy with stop in swing state Pennsylvania,"Donald Trump is on the campaign trail Saturday with a stop in eastern Pennsylvania, a swing state critical in his path toward trying to win the White House and another opportunity for the Republican presidential nominee to steady his campaign after solid debate performance undone by final-minute accusations about demeaning women.",Trump looks to get past tweet frenzy with stop in swing state Pennsylvania,"Donald Trump is on the campaign trail Saturday with a stop in eastern Pennsylvania, a swing state critical in his path toward trying to win the White House and another opportunity for the Republican presidential nominee to steady his campaign after solid debate performance undone by final-minute accusations about demeaning women","Trump, looks, past, tweet, frenzy, stop, swing, state, Pennsylvania","to, get, with, in","Trump, looks, to, get, past, tweet, frenzy, with, stop, in, swing, state, Pennsylvania","[{'neg': 0.29, 'neu': 0.71, 'pos': 0.0, 'compound': -0.5423}]",neu,"[{'neg': 0.117, 'neu': 0.741, 'pos': 0.141, 'compound': 0.34}]",neu,-0.5423,0.34
01/10/2016,Trump,Kurtz on Trump's Miss Universe dust up: 'He can't seem to let go of it',"Howard Kurtz told viewers Friday on ÒSpecial Report with Bret BaierÓ that when it comes to Donald TrumpÕs continued clashes with former Miss Universe Alicia Machado, Òhe canÕt seem to let go of it.Ó",Kurtz on Trump's Miss Universe dust up: 'He can't seem to let go of it',"Howard Kurtz told viewers Friday on ÒSpecial Report with Bret BaierÓ that when it comes to Donald TrumpÕs continued clashes with former Miss Universe Alicia Machado, Òhe canÕt seem to let go of it.Ó","Kurtz, Trump, Miss, Universe, dust, :, ', let, '","on, 's, up, He, ca, n't, seem, to, go, of, it","Kurtz, on, Trump, 's, Miss, Universe, dust, up, :, ', He, ca, n't, seem, to, let, go, of, it, '","[{'neg': 0.103, 'neu': 0.897, 'pos': 0.0, 'compound': -0.1531}]",neu,"[{'neg': 0.046, 'neu': 0.954, 'pos': 0.0, 'compound': -0.1531}]",neu,-0.1531,-0.1531
01/10/2016,Trump,Mic Dropped: Debate commission admits 'issues' with TrumpÕs audio,The Commission on Presidential Debates admitted Friday there were indeed issues with Donald TrumpÕs audio at MondayÕs debate Ð four days after the Republican nominee complained about sound issues inside the venue and was mocked for it by Hillary Clinton.,Mic Dropped: Debate commission admits 'issues' with TrumpÕs audio,The Commission on Presidential Debates admitted Friday there were indeed issues with Donald TrumpÕs audio at MondayÕs debate Ð four days after the Republican nominee complained about sound issues inside the venue and was mocked for it by Hillary Clinton,"Mic, Dropped, :, Debate, commission, admits, ', issues, ', TrumpÕs, audio",with,"Mic, Dropped, :, Debate, commission, admits, ', issues, ', with, TrumpÕs, audio","[{'neg': 0.0, 'neu': 0.784, 'pos': 0.216, 'compound': 0.296}]",neu,"[{'neg': 0.118, 'neu': 0.849, 'pos': 0.033, 'compound': -0.5574}]",neu,0.296,-0.5574
02/10/2016,Trump,Conway defends Trump attacks; Bill Clinton's past misconduct,"The Trump campaign manager joins ""MediaBuzz.""",Conway defends Trump attacks; Bill Clinton's past misconduct,"The Trump campaign manager joins ""MediaBuzz.""","Conway, defends, Trump, attacks, ;, Bill, Clinton, past, misconduct",'s,"Conway, defends, Trump, attacks, ;, Bill, Clinton, 's, past, misconduct","[{'neg': 0.293, 'neu': 0.707, 'pos': 0.0, 'compound': -0.4404}]",neu,"[{'neg': 0.0, 'neu': 1.0, 'pos': 0.0, 'compound': 0.0}]",neu,-0.4404,0.0
02/10/2016,Trump,What would voters tell Trump ahead of the next debate?,Street Justice': Judge Jeanine gets advice for the candidates,What would voters tell Trump ahead of the next debate?,Street Justice': Judge Jeanine gets advice for the candidates,"voters, tell, Trump, ahead, debate, ?","What, would, of, the, next","What, would, voters, tell, Trump, ahead, of, the, next, debate, ?","[{'neg': 0.0, 'neu': 1.0, 'pos': 0.0, 'compound': 0.0}]",neu,"[{'neg': 0.0, 'neu': 1.0, 'pos': 0.0, 'compound': 0.0}]",neu,0.0,0.0
02/10/2016,Trump,Watters: Trump must get back on offense at next debate,Hillary can only do worse and Donald can only do better,Watters: Trump must get back on offense at next debate,Hillary can only do worse and Donald can only do better,"Watters, :, Trump, offense, debate","must, get, back, on, at, next","Watters, :, Trump, must, get, back, on, offense, at, next, debate","[{'neg': 0.182, 'neu': 0.818, 'pos': 0.0, 'compound': -0.25}]",neu,"[{'neg': 0.207, 'neu': 0.6, 'pos': 0.193, 'compound': -0.0516}]",neu,-0.25,-0.0516
02/10/2016,Trump,"Trump responds to leaked IRS return, says he is best suited to fix country's 'complex tax laws'","Republican presidential nominee Donald Trump responded Sunday to a news report that he declared a loss of nearly $916 million on his 1995 income tax returns, saying he knows the country's ""complex tax laws better than anyone who has ever run for president.""","Trump responds to leaked IRS return, says he is best suited to fix country's 'complex tax laws'","Republican presidential nominee Donald Trump responded Sunday to a news report that he declared a loss of nearly $916 million on his 1995 income tax returns, saying he knows the country's ""complex tax laws better than anyone who has ever run for president.""","Trump, responds, leaked, IRS, return, ,, says, best, suited, fix, country, ', complex, tax, laws, '","to, he, is, to, 's","Trump, responds, to, leaked, IRS, return, ,, says, he, is, best, suited, to, fix, country, 's, ', complex, tax, laws, '","[{'neg': 0.107, 'neu': 0.698, 'pos': 0.195, 'compound': 0.4404}]",neu,"[{'neg': 0.052, 'neu': 0.882, 'pos': 0.066, 'compound': 0.1531}]",neu,0.4404,0.1531
02/10/2016,Trump,"Christie defends Trump's leaked tax return, says nothing illegal, 'no apologies'","New Jersey Gov. Chris Christie, a top Donald Trump adviser, on Sunday dismissed a news report that showed the Republican presidential nominee reported a $916 million loss on his 1995 federal tax return, saying that the report showed nothing Òoutside the law,Ó despite the Òbig, splashy headline.Ó","Christie defends Trump's leaked tax return, says nothing illegal, 'no apologies'","New Jersey Gov Chris Christie, a top Donald Trump adviser, on Sunday dismissed a news report that showed the Republican presidential nominee reported a $916 million loss on his 1995 federal tax return, saying that the report showed nothing Òoutside the law,Ó despite the Òbig, splashy headline.Ó","Christie, defends, Trump, leaked, tax, return, ,, says, illegal, ,, ', apologies, '","'s, nothing, no","Christie, defends, Trump, 's, leaked, tax, return, ,, says, nothing, illegal, ,, ', no, apologies, '","[{'neg': 0.152, 'neu': 0.529, 'pos': 0.318, 'compound': 0.3637}]",neu,"[{'neg': 0.05, 'neu': 0.911, 'pos': 0.039, 'compound': -0.128}]",neu,0.3637,-0.128
02/10/2016,Trump,Trump hits Clinton marriage,Hillary spokesman rips billionaire,Trump hits Clinton marriage,Hillary spokesman rips billionaire,"Trump, hits, Clinton, marriage",,"Trump, hits, Clinton, marriage","[{'neg': 0.0, 'neu': 1.0, 'pos': 0.0, 'compound': 0.0}]",neu,"[{'neg': 0.0, 'neu': 1.0, 'pos': 0.0, 'compound': 0.0}]",neu,0.0,0.0
02/10/2016,Trump,Trump supporters defend GOP nominee after tax return leaked,Political panel discusses the impact this issue will have on the race,Trump supporters defend GOP nominee after tax return leaked,Political panel discusses the impact this issue will have on the race,"Trump, supporters, defend, GOP, nominee, tax, return, leaked",after,"Trump, supporters, defend, GOP, nominee, after, tax, return, leaked","[{'neg': 0.189, 'neu': 0.574, 'pos': 0.238, 'compound': 0.1531}]",neu,"[{'neg': 0.0, 'neu': 1.0, 'pos': 0.0, 'compound': 0.0}]",neu,0.1531,0.0
02/10/2016,Trump,Judith Miller: Leaked tax return clearly going to hurt Trump,Fox News contributor reacts to New York Times report on Donald Trump,Judith Miller: Leaked tax return clearly going to hurt Trump,Fox News contributor reacts to New York Times report on Donald Trump,"Judith, Miller, :, Leaked, tax, return, clearly, going, hurt, Trump",to,"Judith, Miller, :, Leaked, tax, return, clearly, going, to, hurt, Trump","[{'neg': 0.37, 'neu': 0.455, 'pos': 0.175, 'compound': -0.4588}]",neu,"[{'neg': 0.0, 'neu': 1.0, 'pos': 0.0, 'compound': 0.0}]",neu,-0.4588,0.0
02/10/2016,Trump,Former Trump International VP defends Donald,Senada Adzem explains what it was like to work with the Republican nominee,Former Trump International VP defends Donald,Senada Adzem explains what it was like to work with the Republican nominee,"Trump, International, VP, defends, Donald",Former,"Former, Trump, International, VP, defends, Donald","[{'neg': 0.0, 'neu': 1.0, 'pos': 0.0, 'compound': 0.0}]",neu,"[{'neg': 0.0, 'neu': 0.828, 'pos': 0.172, 'compound': 0.3612}]",neu,0.0,0.3612
02/10/2016,Trump,"Comparing the economic agendas of Trump, Clinton",Former Obama economic adviser Austan Goolsbee details plan to raise taxes on the wealthy and close corporate loopholes; Trump senior economic adviser Steve Moore explains GOP nominee's strategy,"Comparing the economic agendas of Trump, Clinton",Former Obama economic adviser Austan Goolsbee details plan to raise taxes on the wealthy and close corporate loopholes; Trump senior economic adviser Steve Moore explains GOP nominee's strategy,"Comparing, economic, agendas, Trump, ,, Clinton","the, of","Comparing, the, economic, agendas, of, Trump, ,, Clinton","[{'neg': 0.0, 'neu': 1.0, 'pos': 0.0, 'compound': 0.0}]",neu,"[{'neg': 0.0, 'neu': 0.915, 'pos': 0.085, 'compound': 0.3612}]",neu,0.0,0.3612
03/10/2016,Trump,Donald Trump: I have brilliantly used the tax laws,The Republican nominee addresses his tax returns,Donald Trump: I have brilliantly used the tax laws,The Republican nominee addresses his tax returns,"Donald, Trump, :, brilliantly, tax, laws","I, have, used, the","Donald, Trump, :, I, have, brilliantly, used, the, tax, laws","[{'neg': 0.0, 'neu': 0.636, 'pos': 0.364, 'compound': 0.6124}]",neu,"[{'neg': 0.0, 'neu': 1.0, 'pos': 0.0, 'compound': 0.0}]",neu,0.6124,0.0
03/10/2016,Trump,Trump working hard to escape controversy over tax returns,"The campaign is trying to turn the tables on Clinton, hitting her on how she and Bill made money after the White House; John Roberts reports for 'Special Report'",Trump working hard to escape controversy over tax returns,"The campaign is trying to turn the tables on Clinton, hitting her on how she and Bill made money after the White House; John Roberts reports for 'Special Report'","Trump, working, hard, escape, controversy, tax, returns","to, over","Trump, working, hard, to, escape, controversy, over, tax, returns","[{'neg': 0.139, 'neu': 0.693, 'pos': 0.168, 'compound': 0.0772}]",neu,"[{'neg': 0.0, 'neu': 0.912, 'pos': 0.088, 'compound': 0.4019}]",neu,0.0772,0.4019
03/10/2016,Trump,Trump surrogates praise Trump's knowledge of tax code,Alicia Acuna reports from Denver,Trump surrogates praise Trump's knowledge of tax code,Alicia Acuna reports from Denver,"Trump, surrogates, praise, Trump, knowledge, tax, code","'s, of","Trump, surrogates, praise, Trump, 's, knowledge, of, tax, code","[{'neg': 0.0, 'neu': 0.66, 'pos': 0.34, 'compound': 0.5574}]",neu,"[{'neg': 0.0, 'neu': 1.0, 'pos': 0.0, 'compound': 0.0}]",neu,0.5574,0.0
03/10/2016,Trump,Trump surrogates argue tax leak shows he is a 'genius',"Kristin Fisher reports from Washington, D.C.",Trump surrogates argue tax leak shows he is a 'genius',"Kristin Fisher reports from Washington, D.C","Trump, surrogates, argue, tax, leak, shows, ', genius, '","he, is, a","Trump, surrogates, argue, tax, leak, shows, he, is, a, ', genius, '","[{'neg': 0.407, 'neu': 0.593, 'pos': 0.0, 'compound': -0.5859}]",neu,"[{'neg': 0.0, 'neu': 1.0, 'pos': 0.0, 'compound': 0.0}]",neu,-0.5859,0.0
03/10/2016,Trump,The Trump/Kardashian hype,Vanity Fair botches story,The Trump/Kardashian hype,Vanity Fair botches story,"Trump, /, Kardashian, hype",The,"The, Trump, /, Kardashian, hype","[{'neg': 0.0, 'neu': 1.0, 'pos': 0.0, 'compound': 0.0}]",neu,"[{'neg': 0.306, 'neu': 0.323, 'pos': 0.371, 'compound': 0.1027}]",pos,0.0,0.1027
04/10/2016,Trump,Austrian presidential hopeful meets US Trump backer,"A U.S. Republican congressman who supports Donald Trump has endorsed the right-wing candidate leading in popularity polls in the race to become Austria's next president, saying the Austrian's anti-immigration views have been heard internationally.",Austrian presidential hopeful meets US Trump backer,"A U.S Republican congressman who supports Donald Trump has endorsed the right-wing candidate leading in popularity polls in the race to become Austria's next president, saying the Austrian's anti-immigration views have been heard internationally","Austrian, presidential, hopeful, meets, Trump, backer",US,"Austrian, presidential, hopeful, meets, US, Trump, backer","[{'neg': 0.0, 'neu': 0.645, 'pos': 0.355, 'compound': 0.5106}]",neu,"[{'neg': 0.0, 'neu': 0.798, 'pos': 0.202, 'compound': 0.765}]",neu,0.5106,0.765
04/10/2016,Trump,Trump campaign confident in Pence's debate preparation,VP candidate ready to hammer Kaine on the issues,Trump campaign confident in Pence's debate preparation,VP candidate ready to hammer Kaine on the issues,"Trump, campaign, confident, Pence, debate, preparation","in, 's","Trump, campaign, confident, in, Pence, 's, debate, preparation","[{'neg': 0.0, 'neu': 0.652, 'pos': 0.348, 'compound': 0.4939}]",neu,"[{'neg': 0.0, 'neu': 0.762, 'pos': 0.238, 'compound': 0.3612}]",neu,0.4939,0.3612
04/10/2016,Trump,"Thank you, Bill Clinton for endorsing Donald Trump",,"Thank you, Bill Clinton for endorsing Donald Trump",,"Thank, ,, Bill, Clinton, endorsing, Donald, Trump","you, for","Thank, you, ,, Bill, Clinton, for, endorsing, Donald, Trump","[{'neg': 0.0, 'neu': 0.737, 'pos': 0.263, 'compound': 0.3612}]",neu,,,0.3612,"Thank you, Bill Clinton for endorsing Donald Trump"
04/10/2016,Trump,"Trump team says Kaine dodged debate questions, Clinton camp says Pence didn't want to defend Trump","Trump campaign manager Kellyanne Conway and Clinton campaign national press secretary Brian Fallon react to the vice presidential debate between Mike Pence and Tim Kaine on ""The Kelly File.""","Trump team says Kaine dodged debate questions, Clinton camp says Pence didn't want to defend Trump",,"Trump, team, says, Kaine, dodged, debate, questions, ,, Clinton, camp, says, Pence, want, defend, Trump","did, n't, to","Trump, team, says, Kaine, dodged, debate, questions, ,, Clinton, camp, says, Pence, did, n't, want, to, defend, Trump","[{'neg': 0.075, 'neu': 0.925, 'pos': 0.0, 'compound': -0.0572}]",neu,,,-0.0572,"Trump team says Kaine dodged debate questions, Clinton camp says Pence didn't want to defend Trump"
04/10/2016,Trump,Trump campaigns in Arizona amid tax controversy,"Alicia Acuna reports from Prescott Valley, Arizona",Trump campaigns in Arizona amid tax controversy,,"Trump, campaigns, Arizona, amid, tax, controversy",in,"Trump, campaigns, in, Arizona, amid, tax, controversy","[{'neg': 0.0, 'neu': 1.0, 'pos': 0.0, 'compound': 0.0}]",neu,,,0.0,Trump campaigns in Arizona amid tax controversy
05/10/2016,Trump,Pence shows Trump how it's done,Pence show Trump how not to rise to the bait,Pence shows Trump how it's done,,"Pence, shows, Trump","how, it, 's, done","Pence, shows, Trump, how, it, 's, done","[{'neg': 0.0, 'neu': 1.0, 'pos': 0.0, 'compound': 0.0}]",neu,,,0.0,Pence shows Trump how it's done
05/10/2016,Trump,Donald Trump campaigning in Nevada,"Dan Springer reports from Henderson, Nevada",Donald Trump campaigning in Nevada,,"Donald, Trump, campaigning, Nevada",in,"Donald, Trump, campaigning, in, Nevada","[{'neg': 0.0, 'neu': 1.0, 'pos': 0.0, 'compound': 0.0}]",neu,,,0.0,Donald Trump campaigning in Nevada
05/10/2016,Trump,"Kaine: Trump avoids taxes, doesnt support troops",Sen. Tim Kaine says Donald Trump won't rebuild military because he did not pay taxes during 9/11,"Kaine: Trump avoids taxes, doesnt support troops",,"Kaine, :, Trump, avoids, taxes, ,, nt, support, troops",does,"Kaine, :, Trump, avoids, taxes, ,, does, nt, support, troops","[{'neg': 0.442, 'neu': 0.558, 'pos': 0.0, 'compound': -0.4512}]",neu,,,-0.4512,"Kaine: Trump avoids taxes, doesnt support troops"
05/10/2016,Trump,Sen. Tim Kaine says Donald Trump won't rebuild military because he did not pay taxes during 9/11,,Sen Tim Kaine says Donald Trump won't rebuild military because he did not pay taxes during 9/11,,"Sen, Tim, Kaine, says, Donald, Trump, wo, rebuild, military, pay, taxes, 9/11","n't, because, he, did, not, during","Sen, Tim, Kaine, says, Donald, Trump, wo, n't, rebuild, military, because, he, did, not, pay, taxes, during, 9/11","[{'neg': 0.0, 'neu': 0.925, 'pos': 0.075, 'compound': 0.0762}]",neu,,,0.0762,Sen. Tim Kaine says Donald Trump won't rebuild military because he did not pay taxes during 9/11
05/10/2016,Trump,Sen. Sessions: Trump is committed to ending the lawlessness,"On 'Fox & Friends,' lawmaker and Trump adviser reacts to the immigration discussion during the vice presidential debate",Sen Sessions: Trump is committed to ending the lawlessness,,"Sen, Sessions, :, Trump, committed, ending, lawlessness","is, to, the","Sen, Sessions, :, Trump, is, committed, to, ending, the, lawlessness","[{'neg': 0.0, 'neu': 0.792, 'pos': 0.208, 'compound': 0.2732}]",neu,,,0.2732,Sen. Sessions: Trump is committed to ending the lawlessness
06/10/2016,Trump,Ryan to make first campaign appearance with Trump,GOP nominee and House Speaker to appear together in Wisconsin,Ryan to make first campaign appearance with Trump,,"Ryan, campaign, appearance, Trump","to, make, first, with","Ryan, to, make, first, campaign, appearance, with, Trump","[{'neg': 0.0, 'neu': 1.0, 'pos': 0.0, 'compound': 0.0}]",neu,,,0.0,Ryan to make first campaign appearance with Trump
06/10/2016,Trump,Meghan McCain blasts the 'Hollywood hysteria' over Trump,Celebrities push liberal causes in ads and videos; reaction on 'Outnumbered',Meghan McCain blasts the 'Hollywood hysteria' over Trump,,"Meghan, McCain, blasts, ', Hollywood, hysteria, ', Trump","the, over","Meghan, McCain, blasts, the, ', Hollywood, hysteria, ', over, Trump","[{'neg': 0.293, 'neu': 0.707, 'pos': 0.0, 'compound': -0.4404}]",neu,,,-0.4404,Meghan McCain blasts the 'Hollywood hysteria' over Trump
06/10/2016,Trump,Trump takes the heat for Nevada pronunciation,"Strategy Room: Ellen Ratner and Chandler Thornton weigh in on Donald Trump's campaign rally speech in Reno, Nevada, and insisting the pronunciation of the state is wrong",Trump takes the heat for Nevada pronunciation,,"Trump, takes, heat, Nevada, pronunciation","the, for","Trump, takes, the, heat, for, Nevada, pronunciation","[{'neg': 0.0, 'neu': 1.0, 'pos': 0.0, 'compound': 0.0}]",neu,,,0.0,Trump takes the heat for Nevada pronunciation
06/10/2016,Trump,Trump campaign: Expect more specifics at town hall debate,Senior communications adviser Jason Miller weighs in on 'The Kelly File',Trump campaign: Expect more specifics at town hall debate,,"Trump, campaign, :, Expect, specifics, town, hall, debate","more, at","Trump, campaign, :, Expect, more, specifics, at, town, hall, debate","[{'neg': 0.0, 'neu': 1.0, 'pos': 0.0, 'compound': 0.0}]",neu,,,0.0,Trump campaign: Expect more specifics at town hall debate
06/10/2016,Trump,Trump to Nevada Hispanics: ÔIÕm going to help millions of Latinos trapped in povertyÕ,"Campaigning in the battleground state of Nevada on Wednesday, Republican presidential nominee Donald Trump addressed a group of Hispanic business leaders, and finance, rather than immigration, was the topic most discussed.",Trump to Nevada Hispanics: ÔIÕm going to help millions of Latinos trapped in povertyÕ,,"Trump, Nevada, Hispanics, :, ÔIÕm, going, help, millions, Latinos, trapped, povertyÕ","to, to, of, in","Trump, to, Nevada, Hispanics, :, ÔIÕm, going, to, help, millions, of, Latinos, trapped, in, povertyÕ","[{'neg': 0.188, 'neu': 0.663, 'pos': 0.149, 'compound': -0.1779}]",neu,,,-0.1779,Trump to Nevada Hispanics: ÔIÕm going to help millions of Latinos trapped in povertyÕ
07/10/2016,Trump,Is Trump a media mastermind?,"Bias Bash- Judy Miller discusses the republican complaints of Donald Trump's media coverage, and how it could be helping or hurting his campaign",Is Trump a media mastermind?,,"Trump, media, mastermind, ?","Is, a","Is, Trump, a, media, mastermind, ?","[{'neg': 0.0, 'neu': 1.0, 'pos': 0.0, 'compound': 0.0}]",neu,,,0.0,Is Trump a media mastermind?
07/10/2016,Trump,Trump and Clinton silent amid hurricane Matthew?,Strategy Room: Jeanne Zaino and Liz Peek weigh in on what the presidential candidates should be doing during the storm,Trump and Clinton silent amid hurricane Matthew?,,"Trump, Clinton, silent, amid, hurricane, Matthew, ?",and,"Trump, and, Clinton, silent, amid, hurricane, Matthew, ?","[{'neg': 0.0, 'neu': 1.0, 'pos': 0.0, 'compound': 0.0}]",neu,,,0.0,Trump and Clinton silent amid hurricane Matthew?
07/10/2016,Trump,Leaked tape captures Trump in crude rant with TV host,A leaked video from 2005 captured Donald Trump using lewd language discussing women with a television host just before he made a guest TV appearance.,Leaked tape captures Trump in crude rant with TV host,,"Leaked, tape, captures, Trump, crude, rant, TV, host","in, with","Leaked, tape, captures, Trump, in, crude, rant, with, TV, host","[{'neg': 0.545, 'neu': 0.455, 'pos': 0.0, 'compound': -0.8126}]",neg,,,-0.8126,Leaked tape captures Trump in crude rant with TV host
08/10/2016,Trump,Utah Republicans out front in opposing Trump,"If the pushback against Donald Trump becomes a Republican Party revolt, it could be said that it got its start in Utah.",Utah Republicans out front in opposing Trump,,"Utah, Republicans, opposing, Trump","out, front, in","Utah, Republicans, out, front, in, opposing, Trump","[{'neg': 0.0, 'neu': 1.0, 'pos': 0.0, 'compound': 0.0}]",neu,,,0.0,Utah Republicans out front in opposing Trump
08/10/2016,Trump,Donald Trump apologizes for controversial video remarks,GOP presidential candidate sorry for crude rant against women,Donald Trump apologizes for controversial video remarks,,"Donald, Trump, apologizes, controversial, video, remarks",for,"Donald, Trump, apologizes, for, controversial, video, remarks","[{'neg': 0.194, 'neu': 0.538, 'pos': 0.269, 'compound': 0.1779}]",neu,,,0.1779,Donald Trump apologizes for controversial video remarks
08/10/2016,Trump,Trump campaign on defense as some in GOP withdraw support,Republican nominee tells news outlets that he will not quit the race,Trump campaign on defense as some in GOP withdraw support,,"Trump, campaign, defense, GOP, withdraw, support","on, as, some, in","Trump, campaign, on, defense, as, some, in, GOP, withdraw, support","[{'neg': 0.0, 'neu': 0.656, 'pos': 0.344, 'compound': 0.4939}]",neu,,,0.4939,Trump campaign on defense as some in GOP withdraw support
09/10/2016,Trump,Covering the Trump crisis,Media tout vile remarks about women,Covering the Trump crisis,,"Covering, Trump, crisis",the,"Covering, the, Trump, crisis","[{'neg': 0.577, 'neu': 0.423, 'pos': 0.0, 'compound': -0.6249}]",neg,,,-0.6249,Covering the Trump crisis
09/10/2016,Trump,Trump previews his Clinton attacks on Twitter,Campaign expects Trump controversy to be the first topic covered at tonight's town hall debate,Trump previews his Clinton attacks on Twitter,,"Trump, previews, Clinton, attacks, Twitter","his, on","Trump, previews, his, Clinton, attacks, on, Twitter","[{'neg': 0.326, 'neu': 0.674, 'pos': 0.0, 'compound': -0.4404}]",neu,,,-0.4404,Trump previews his Clinton attacks on Twitter
09/10/2016,Trump,"Does vulgar Trump tape matter to GOP voters, his supporters?","Early polls suggest Republican voters want GOP to stand by beleaguered presidential nominee, but what must Trump do to turn his campaign around?","Does vulgar Trump tape matter to GOP voters, his supporters?",,"vulgar, Trump, tape, matter, GOP, voters, ,, supporters, ?","Does, to, his","Does, vulgar, Trump, tape, matter, to, GOP, voters, ,, his, supporters, ?","[{'neg': 0.0, 'neu': 0.667, 'pos': 0.333, 'compound': 0.4588}]",neu,,,0.4588,"Does vulgar Trump tape matter to GOP voters, his supporters?"
10/10/2016,Trump,Trump 'very embarrassed' over latest scandal,"GOP nominee apologizes for lewd comments, attacks Clinton's character",Trump 'very embarrassed' over latest scandal,,"Trump, ', embarrassed, ', latest, scandal","very, over","Trump, ', very, embarrassed, ', over, latest, scandal","[{'neg': 0.587, 'neu': 0.413, 'pos': 0.0, 'compound': -0.6901}]",neg,,,-0.6901,Trump 'very embarrassed' over latest scandal
10/10/2016,Trump,Trump campaign manager: Critics on 'high horses',"Donald TrumpÕs campaign manager said certain members of Congress who have been critical of the GOP nomineeÕs recently revealed lewd comments from 2005 are on Òtheir high horse,Ó and she not-so-subtly hinted that some of those politicians may have indiscretions of their own to answer for.",Trump campaign manager: Critics on 'high horses',,"Trump, campaign, manager, :, Critics, ', high, horses, '",on,"Trump, campaign, manager, :, Critics, on, ', high, horses, '","[{'neg': 0.268, 'neu': 0.732, 'pos': 0.0, 'compound': -0.296}]",neu,,,-0.296,Trump campaign manager: Critics on 'high horses'
10/10/2016,Trump,Trump: You'd be in jail,Trump threatens to jail Clinton over email scandal,Trump: You'd be in jail,,"Trump, :, jail","You, 'd, be, in","Trump, :, You, 'd, be, in, jail","[{'neg': 0.0, 'neu': 1.0, 'pos': 0.0, 'compound': 0.0}]",neu,,,0.0,Trump: You'd be in jail
11/10/2016,Trump,Is Trump falling too far behind?,"Strategy Room: David Mercer and Brad Blakeman discuss Donald Trump's drop in the polls in Pennsylvania, and what it could mean for his race",Is Trump falling too far behind?,,"Trump, falling, far, ?","Is, too, behind","Is, Trump, falling, too, far, behind, ?","[{'neg': 0.242, 'neu': 0.758, 'pos': 0.0, 'compound': -0.1531}]",neu,,,-0.1531,Is Trump falling too far behind?
11/10/2016,Trump,Trump on offense against Clinton ahead of final debate,Campaign heats up in final weeks before Election Day; 'The Five' panel weighs in,Trump on offense against Clinton ahead of final debate,,"Trump, offense, Clinton, ahead, final, debate","on, against, of","Trump, on, offense, against, Clinton, ahead, of, final, debate","[{'neg': 0.2, 'neu': 0.8, 'pos': 0.0, 'compound': -0.25}]",neu,,,-0.25,Trump on offense against Clinton ahead of final debate
11/10/2016,Trump,Is there still time for a Trump victory?,Electoral path to victory could be narrowing after leaked tape,Is there still time for a Trump victory?,,"time, Trump, victory, ?","Is, there, still, for, a","Is, there, still, time, for, a, Trump, victory, ?","[{'neg': 0.0, 'neu': 1.0, 'pos': 0.0, 'compound': 0.0}]",neu,,,0.0,Is there still time for a Trump victory?
12/10/2016,Trump,Fox Flash: Mini-Trump,Pint-sized presidential look-alike joins us on the curvy couch,Fox Flash: Mini-Trump,,"Fox, Flash, :, Mini, -, Trump",,"Fox, Flash, :, Mini, -, Trump","[{'neg': 0.0, 'neu': 1.0, 'pos': 0.0, 'compound': 0.0}]",neu,,,0.0,Fox Flash: Mini-Trump
12/10/2016,Trump,Crowd goes wild over 'mini-Trump',Toddler dressed like Trump made his on-stage appearance at a rally,Crowd goes wild over 'mini-Trump',,"Crowd, goes, wild, ', mini, -, Trump, '",over,"Crowd, goes, wild, over, ', mini, -, Trump, '","[{'neg': 0.0, 'neu': 1.0, 'pos': 0.0, 'compound': 0.0}]",neu,,,0.0,Crowd goes wild over 'mini-Trump'
12/10/2016,Trump,Donald Trump on taking 'shackles' off campaign,Republican presidential nominee joins 'The O'Reilly Factor' to discuss how he will campaign for the remainder of the race,Donald Trump on taking 'shackles' off campaign,,"Donald, Trump, taking, ', shackles, ', campaign","on, off","Donald, Trump, on, taking, ', shackles, ', off, campaign","[{'neg': 0.0, 'neu': 1.0, 'pos': 0.0, 'compound': 0.0}]",neu,,,0.0,Donald Trump on taking 'shackles' off campaign
13/10/2016,Trump,"Timing of the Trump video, accusers suspicious?","Donald Trump has alleged the liberal media is out to destroy his campaign, given the timing of the emergence of the lewd comments video, the WikiLeaks Clinton email releases and stories about his female sex assault accusers. Does he have a gripe?","Timing of the Trump video, accusers suspicious?",,"Timing, Trump, video, ,, accusers, suspicious, ?","of, the","Timing, of, the, Trump, video, ,, accusers, suspicious, ?","[{'neg': 0.294, 'neu': 0.706, 'pos': 0.0, 'compound': -0.3612}]",neu,,,-0.3612,"Timing of the Trump video, accusers suspicious?"
13/10/2016,Trump,Trump fights back after NY Times attack,"Strategy Room: Ellen Ratner and Charmaine Yoest discuss Donald Trump's most recent media scandal, where 2 women came out to the NY Times, alleging Trump assaulted them over 30 years ago",Trump fights back after NY Times attack,,"Trump, fights, NY, Times, attack","back, after","Trump, fights, back, after, NY, Times, attack","[{'neg': 0.537, 'neu': 0.463, 'pos': 0.0, 'compound': -0.7003}]",neg,,,-0.7003,Trump fights back after NY Times attack
13/10/2016,Trump,Multiple women accuse Donald Trump of groping,Peter Doocy reports from New York,Multiple women accuse Donald Trump of groping,,"Multiple, women, accuse, Donald, Trump, groping",of,"Multiple, women, accuse, Donald, Trump, of, groping","[{'neg': 0.231, 'neu': 0.769, 'pos': 0.0, 'compound': -0.2023}]",neu,,,-0.2023,Multiple women accuse Donald Trump of groping
14/10/2016,Trump,Trump repudiates latest personal attacks,Bernie Goldberg weighs in on GOP candidate's accusation remarks on 'The O'Reilly Factor',Trump repudiates latest personal attacks,,"Trump, repudiates, latest, personal, attacks",,"Trump, repudiates, latest, personal, attacks","[{'neg': 0.42, 'neu': 0.58, 'pos': 0.0, 'compound': -0.4404}]",neu,,,-0.4404,Trump repudiates latest personal attacks
14/10/2016,Trump,Trump blames Mexican billionaire for harassment stories,Republican presidential nominee takes aim at Carlos Slim,Trump blames Mexican billionaire for harassment stories,,"Trump, blames, Mexican, billionaire, harassment, stories",for,"Trump, blames, Mexican, billionaire, for, harassment, stories","[{'neg': 0.554, 'neu': 0.446, 'pos': 0.0, 'compound': -0.7351}]",neg,,,-0.7351,Trump blames Mexican billionaire for harassment stories
14/10/2016,Trump,"Trump blames groping claims on media, Clinton","Garrett Tenney reports from Washington, D.C.","Trump blames groping claims on media, Clinton",,"Trump, blames, groping, claims, media, ,, Clinton",on,"Trump, blames, groping, claims, on, media, ,, Clinton","[{'neg': 0.31, 'neu': 0.69, 'pos': 0.0, 'compound': -0.4019}]",neu,,,-0.4019,"Trump blames groping claims on media, Clinton"
15/10/2016,Trump,Donald Trump says allegations are 100% fabricated,"Carl Cameron reports from Bangor, Maine",Donald Trump says allegations are 100% fabricated,,"Donald, Trump, says, allegations, 100, %, fabricated",are,"Donald, Trump, says, allegations, are, 100, %, fabricated","[{'neg': 0.0, 'neu': 1.0, 'pos': 0.0, 'compound': 0.0}]",neu,,,0.0,Donald Trump says allegations are 100% fabricated
15/10/2016,Trump,Never Trump' Republican: Voters are increasingly disgusted,"Rep. Reid Ribble, R-Wis., discusses support for the major party candidates and House races on 'America's News HQ'",Never Trump' Republican: Voters are increasingly disgusted,,"Trump, ', Republican, :, Voters, increasingly, disgusted","Never, are","Never, Trump, ', Republican, :, Voters, are, increasingly, disgusted","[{'neg': 0.362, 'neu': 0.638, 'pos': 0.0, 'compound': -0.5267}]",neu,,,-0.5267,Never Trump' Republican: Voters are increasingly disgusted
15/10/2016,Trump,Trump campaign reports raising $2 million in September,Donald Trump says he raised $100 million last month for his presidential campaign and Republican partners,Trump campaign reports raising $2 million in September,,"Trump, campaign, reports, raising, $, 2, million, September",in,"Trump, campaign, reports, raising, $, 2, million, in, September","[{'neg': 0.0, 'neu': 1.0, 'pos': 0.0, 'compound': 0.0}]",neu,,,0.0,Trump campaign reports raising $2 million in September
16/10/2016,Trump,Trump spokeswoman rips media,Over sexual assault allegations,Trump spokeswoman rips media,,"Trump, spokeswoman, rips, media",,"Trump, spokeswoman, rips, media","[{'neg': 0.0, 'neu': 1.0, 'pos': 0.0, 'compound': 0.0}]",neu,,,0.0,Trump spokeswoman rips media
16/10/2016,Trump,Miss USA 2005 defends Trump: He has always been respectful,Chelsea Cooley Altman speaks out on 'America's Newsroom',Miss USA 2005 defends Trump: He has always been respectful,,"Miss, USA, 2005, defends, Trump, :, respectful","He, has, always, been","Miss, USA, 2005, defends, Trump, :, He, has, always, been, respectful","[{'neg': 0.127, 'neu': 0.635, 'pos': 0.238, 'compound': 0.34}]",neu,,,0.34,Miss USA 2005 defends Trump: He has always been respectful
16/10/2016,Trump,Gingrich: A disciplined Trump is a formidable opponent,Former House speaker discusses what the GOP nominee needs to do to sway voters to his side,Gingrich: A disciplined Trump is a formidable opponent,,"Gingrich, :, disciplined, Trump, formidable, opponent","A, is, a","Gingrich, :, A, disciplined, Trump, is, a, formidable, opponent","[{'neg': 0.0, 'neu': 1.0, 'pos': 0.0, 'compound': 0.0}]",neu,,,0.0,Gingrich: A disciplined Trump is a formidable opponent
17/10/2016,Trump,George Will: Trump has a point about rigged elections,"Syndicated Columnist George Will said Monday on ÒSpecial Report with Bret BaierÓ that Republican presidential nominee Donald Trump has a point to make about rigged elections, Òif he would just make it more clearly.Ó",George Will: Trump has a point about rigged elections,,"George, :, Trump, point, rigged, elections","Will, has, a, about","George, Will, :, Trump, has, a, point, about, rigged, elections","[{'neg': 0.263, 'neu': 0.737, 'pos': 0.0, 'compound': -0.3612}]",neu,,,-0.3612,George Will: Trump has a point about rigged elections
17/10/2016,Trump,Donald Trump claims the presidential election is 'rigged',Reaction from 'The Five',Donald Trump claims the presidential election is 'rigged',,"Donald, Trump, claims, presidential, election, ', rigged, '","the, is","Donald, Trump, claims, the, presidential, election, is, ', rigged, '","[{'neg': 0.0, 'neu': 1.0, 'pos': 0.0, 'compound': 0.0}]",neu,,,0.0,Donald Trump claims the presidential election is 'rigged'
17/10/2016,Trump,Trump expands 'rigged election' claims to include polls,Does the Republican presidential nominee have evidence to support his case?,Trump expands 'rigged election' claims to include polls,,"Trump, expands, ', rigged, election, ', claims, include, polls",to,"Trump, expands, ', rigged, election, ', claims, to, include, polls","[{'neg': 0.253, 'neu': 0.606, 'pos': 0.141, 'compound': -0.2732}]",neu,,,-0.2732,Trump expands 'rigged election' claims to include polls
18/10/2016,Trump,Trump touts bold proposal to end corruption in Washington,The GOP nominee did not take the bait despite being called out by the president for his 'rigged' election claims; Carl Cameron reports for 'Special Report',Trump touts bold proposal to end corruption in Washington,,"Trump, touts, bold, proposal, end, corruption, Washington","to, in","Trump, touts, bold, proposal, to, end, corruption, in, Washington","[{'neg': 0.103, 'neu': 0.654, 'pos': 0.243, 'compound': 0.3612}]",neu,,,0.3612,Trump touts bold proposal to end corruption in Washington
18/10/2016,Trump,Michael Moore made surprise Donald Trump film,"Michael Moore has been secretly working on Donald Trump film, titled ÒTrumpLand,Ó that will premiere Tuesday night in New York City.",Michael Moore made surprise Donald Trump film,,"Michael, Moore, surprise, Donald, Trump, film",made,"Michael, Moore, made, surprise, Donald, Trump, film","[{'neg': 0.0, 'neu': 0.741, 'pos': 0.259, 'compound': 0.2732}]",neu,,,0.2732,Michael Moore made surprise Donald Trump film
18/10/2016,Trump,Latest Fox News scorecard not a pretty picture for Trump,"Projections have Clinton winning 307 electoral votes, while Trump is set to get 181",Latest Fox News scorecard not a pretty picture for Trump,,"Latest, Fox, News, scorecard, pretty, picture, Trump","not, a, for","Latest, Fox, News, scorecard, not, a, pretty, picture, for, Trump","[{'neg': 0.247, 'neu': 0.753, 'pos': 0.0, 'compound': -0.3875}]",neu,,,-0.3875,Latest Fox News scorecard not a pretty picture for Trump
19/10/2016,Trump,Curt Schilling: Polls are underrepresenting Trump support,Former MLB All-Star pitcher says the polls are not reflective of what he's seeing,Curt Schilling: Polls are underrepresenting Trump support,,"Curt, Schilling, :, Polls, underrepresenting, Trump, support",are,"Curt, Schilling, :, Polls, are, underrepresenting, Trump, support","[{'neg': 0.0, 'neu': 0.69, 'pos': 0.31, 'compound': 0.4019}]",neu,,,0.4019,Curt Schilling: Polls are underrepresenting Trump support
19/10/2016,Trump,Debate talk: How Trump can win,"Strategy Room: Joe Lestingi and Charmaine Yoest break down how the presidential candidates should be preparing for tonight's debate, and what America should expect and watch for",Debate talk: How Trump can win,,"Debate, talk, :, Trump, win","How, can","Debate, talk, :, How, Trump, can, win","[{'neg': 0.0, 'neu': 0.568, 'pos': 0.432, 'compound': 0.5859}]",compound,,,0.5859,Debate talk: How Trump can win
19/10/2016,Trump,One-on-one with Melania Trump in Trump Tower,"On 'Fox & Friends,' Ainsley Earhardt takes a tour of the Trump penthouse",One-on-one with Melania Trump in Trump Tower,,"-, -, Melania, Trump, Trump, Tower","One, on, one, with, in","One, -, on, -, one, with, Melania, Trump, in, Trump, Tower","[{'neg': 0.0, 'neu': 1.0, 'pos': 0.0, 'compound': 0.0}]",neu,,,0.0,One-on-one with Melania Trump in Trump Tower
20/10/2016,Trump,Trump couldn't resist,"In the final debate, Trump looked like he could do his job, but then...he couldn't.",Trump couldn't resist,,"Trump, resist","could, n't","Trump, could, n't, resist","[{'neg': 0.0, 'neu': 1.0, 'pos': 0.0, 'compound': 0.0}]",neu,,,0.0,Trump couldn't resist
20/10/2016,Trump,Trump shines light on Clinton's women hypocrisy,"Clinton Foundation has received as much as $56 million in donations from Islamic countries that sanction abuse of women and gays, and Trump challenged Hillary to return the money. Dem strategist Jessica Ehrlich responds",Trump shines light on Clinton's women hypocrisy,,"Trump, shines, light, Clinton, women, hypocrisy","on, 's","Trump, shines, light, on, Clinton, 's, women, hypocrisy","[{'neg': 0.0, 'neu': 1.0, 'pos': 0.0, 'compound': 0.0}]",neu,,,0.0,Trump shines light on Clinton's women hypocrisy
20/10/2016,Trump,Trump campaign raises concerns over voter fraud,"Peter Doocy reports from Washington, D.C.",Trump campaign raises concerns over voter fraud,,"Trump, campaign, raises, concerns, voter, fraud",over,"Trump, campaign, raises, concerns, over, voter, fraud","[{'neg': 0.388, 'neu': 0.612, 'pos': 0.0, 'compound': -0.5859}]",neu,,,-0.5859,Trump campaign raises concerns over voter fraud
21/10/2016,Trump,Donald Trump explains his 'rigged system' claims,GOP nominee discusses his plan for America and the Democrats' role in violence at his rallies on 'Hannity',Donald Trump explains his 'rigged system' claims,,"Donald, Trump, explains, ', rigged, system, ', claims",his,"Donald, Trump, explains, his, ', rigged, system, ', claims","[{'neg': 0.294, 'neu': 0.706, 'pos': 0.0, 'compound': -0.3612}]",neu,,,-0.3612,Donald Trump explains his 'rigged system' claims
21/10/2016,Trump,"Newt Gingrich: Gore, Trump and liberal hypocrisy","Apparently, some people think that when a Republican says he will watch closely to make thereÕs no corruption of the vote, he is a Òthreat to democracyÓ and even a Òdomestic insurrectionist.Ó","Newt Gingrich: Gore, Trump and liberal hypocrisy",,"Newt, Gingrich, :, Gore, ,, Trump, liberal, hypocrisy",and,"Newt, Gingrich, :, Gore, ,, Trump, and, liberal, hypocrisy","[{'neg': 0.0, 'neu': 1.0, 'pos': 0.0, 'compound': 0.0}]",neu,,,0.0,"Newt Gingrich: Gore, Trump and liberal hypocrisy"
21/10/2016,Trump,Hillary Clinton works to tie Donald Trump to Putin's Russia,"Fox News correspondent Jennifer Griffin reports from Cleveland, Ohio",Hillary Clinton works to tie Donald Trump to Putin's Russia,,"Hillary, Clinton, works, tie, Donald, Trump, Putin, Russia","to, to, 's","Hillary, Clinton, works, to, tie, Donald, Trump, to, Putin, 's, Russia","[{'neg': 0.0, 'neu': 1.0, 'pos': 0.0, 'compound': 0.0}]",neu,,,0.0,Hillary Clinton works to tie Donald Trump to Putin's Russia
22/10/2016,Trump,NASCAR truck to display 'Trump 2016' logo,Driver explains why he supports the Republican nominee,NASCAR truck to display 'Trump 2016' logo,,"NASCAR, truck, display, ', Trump, 2016, ', logo",to,"NASCAR, truck, to, display, ', Trump, 2016, ', logo","[{'neg': 0.0, 'neu': 1.0, 'pos': 0.0, 'compound': 0.0}]",neu,,,0.0,NASCAR truck to display 'Trump 2016' logo
22/10/2016,Trump,"Trump vows to sue accusers, says 'corrupt' media fabricating stories",Donald Trump is threatening to sue all of the women who have come forward in recent days accusing him of groping and sexual assault.,"Trump vows to sue accusers, says 'corrupt' media fabricating stories",,"Trump, vows, sue, accusers, ,, says, ', corrupt, ', media, fabricating, stories",to,"Trump, vows, to, sue, accusers, ,, says, ', corrupt, ', media, fabricating, stories","[{'neg': 0.0, 'neu': 1.0, 'pos': 0.0, 'compound': 0.0}]",neu,,,0.0,"Trump vows to sue accusers, says 'corrupt' media fabricating stories"
22/10/2016,Trump,Fox News poll: Trump wins veterans by 17 points,Military panel weighs in on where they stand on the 2016 race,Fox News poll: Trump wins veterans by 17 points,,"Fox, News, poll, :, Trump, wins, veterans, 17, points",by,"Fox, News, poll, :, Trump, wins, veterans, by, 17, points","[{'neg': 0.0, 'neu': 0.684, 'pos': 0.316, 'compound': 0.5719}]",neu,,,0.5719,Fox News poll: Trump wins veterans by 17 points
23/10/2016,Trump,Press pummels Trump over debate,On answer about accepting outcome,Press pummels Trump over debate,,"Press, pummels, Trump, debate",over,"Press, pummels, Trump, over, debate","[{'neg': 0.0, 'neu': 1.0, 'pos': 0.0, 'compound': 0.0}]",neu,,,0.0,Press pummels Trump over debate
23/10/2016,Trump,Judith Miller: Women are responding to Trump by voting early,Fox News contributor reacts to early voting trends,Judith Miller: Women are responding to Trump by voting early,,"Judith, Miller, :, Women, responding, Trump, voting, early","are, to, by","Judith, Miller, :, Women, are, responding, to, Trump, by, voting, early","[{'neg': 0.0, 'neu': 1.0, 'pos': 0.0, 'compound': 0.0}]",neu,,,0.0,Judith Miller: Women are responding to Trump by voting early
23/10/2016,Trump,Sean Spicer: Trump offered American voters a detailed plan,Reaction on 'Sunday Morning Futures' to the GOP candidate's Gettysburg speech,Sean Spicer: Trump offered American voters a detailed plan,,"Sean, Spicer, :, Trump, offered, American, voters, detailed, plan",a,"Sean, Spicer, :, Trump, offered, American, voters, a, detailed, plan","[{'neg': 0.0, 'neu': 1.0, 'pos': 0.0, 'compound': 0.0}]",neu,,,0.0,Sean Spicer: Trump offered American voters a detailed plan
24/10/2016,Trump,"Trump booed, media pounce",Charity dinner jokes attacked,"Trump booed, media pounce",,"Trump, booed, ,, media, pounce",,"Trump, booed, ,, media, pounce","[{'neg': 0.0, 'neu': 1.0, 'pos': 0.0, 'compound': 0.0}]",neu,,,0.0,"Trump booed, media pounce"
24/10/2016,Trump,Media's 'crazy' Trump talk,Some pundits using extreme rhetoric,Media's 'crazy' Trump talk,,"Media, ', crazy, ', Trump, talk",'s,"Media, 's, ', crazy, ', Trump, talk","[{'neg': 0.0, 'neu': 1.0, 'pos': 0.0, 'compound': 0.0}]",neu,,,0.0,Media's 'crazy' Trump talk
24/10/2016,Trump,Press pummels Trump over debate,On answer about accepting outcome,Press pummels Trump over debate,,"Press, pummels, Trump, debate",over,"Press, pummels, Trump, over, debate","[{'neg': 0.0, 'neu': 1.0, 'pos': 0.0, 'compound': 0.0}]",neu,,,0.0,Press pummels Trump over debate
25/10/2016,Trump,Trump acknowledges 'Blacks for Trump' supporters,"Republican presidential nominee campaigns in Sanford, Florida",Trump acknowledges 'Blacks for Trump' supporters,,"Trump, acknowledges, ', Blacks, Trump, ', supporters",for,"Trump, acknowledges, ', Blacks, for, Trump, ', supporters","[{'neg': 0.0, 'neu': 0.633, 'pos': 0.367, 'compound': 0.4404}]",neu,,,0.4404,Trump acknowledges 'Blacks for Trump' supporters
25/10/2016,Trump,Trump: 'No interest' in Trump TV; campaign debuts show,"Donald Trump said Tuesday he has no interest in a ""Trump TV"" media venture should he lose the election, a notion that has persisted this week after a television-like alternative to the network nightly news programs began streaming on his Facebook page.",Trump: 'No interest' in Trump TV; campaign debuts show,,"Trump, :, ', interest, ', Trump, TV, ;, campaign, debuts","No, in, show","Trump, :, ', No, interest, ', in, Trump, TV, ;, campaign, debuts, show","[{'neg': 0.18, 'neu': 0.574, 'pos': 0.246, 'compound': 0.2023}]",neu,,,0.2023,Trump: 'No interest' in Trump TV; campaign debuts show
25/10/2016,Trump,Trump: I think I'm winning,"GOP nominee speaks out on polls in key swing states, ObamaCare and campaign messaging on 'America's Newsroom'",Trump: I think I'm winning,,"Trump, :, think, winning","I, I, 'm","Trump, :, I, think, I, 'm, winning","[{'neg': 0.0, 'neu': 0.469, 'pos': 0.531, 'compound': 0.5267}]",pos,,,0.5267,Trump: I think I'm winning
26/10/2016,Trump,Is attacking the media a winning strategy for Trump?,#MediaBuzz host Howard Kurtz and 'On the Record's' Brit Hume debate Donald Trump's frequent attacks on the media's coverage of his campaign and whether his conspiracy allegations translate into votes,Is attacking the media a winning strategy for Trump?,,"attacking, media, winning, strategy, Trump, ?","Is, the, a, for","Is, attacking, the, media, a, winning, strategy, for, Trump, ?","[{'neg': 0.242, 'neu': 0.484, 'pos': 0.274, 'compound': 0.1027}]",neu,,,0.1027,Is attacking the media a winning strategy for Trump?
26/10/2016,Trump,Donald Trump: I will be your greatest champion,Republican nominee outlines plan for urban renewal,Donald Trump: I will be your greatest champion,,"Donald, Trump, :, greatest, champion","I, will, be, your","Donald, Trump, :, I, will, be, your, greatest, champion","[{'neg': 0.0, 'neu': 0.382, 'pos': 0.618, 'compound': 0.8442}]",compound,,,0.8442,Donald Trump: I will be your greatest champion
26/10/2016,Trump,Trump hits Clinton on WikiLeaks claims,John Roberts reports from Washington,Trump hits Clinton on WikiLeaks claims,,"Trump, hits, Clinton, WikiLeaks, claims",on,"Trump, hits, Clinton, on, WikiLeaks, claims","[{'neg': 0.0, 'neu': 1.0, 'pos': 0.0, 'compound': 0.0}]",neu,,,0.0,Trump hits Clinton on WikiLeaks claims
27/10/2016,Trump,Trump: 'We should cancel the election',Republican candidate Donald Trump told supporters in Ohio Thursday that next month's election should be canceled and he should automatically be made president.,Trump: 'We should cancel the election',,"Trump, :, ', cancel, election, '","We, should, the","Trump, :, ', We, should, cancel, the, election, '","[{'neg': 0.286, 'neu': 0.714, 'pos': 0.0, 'compound': -0.25}]",neu,,,-0.25,Trump: 'We should cancel the election'
27/10/2016,Trump,Fox News poll: Trump gaining with independents,"Reaction from Kyle Kondik, political analyst at the University of Virginia Center for Politics",Fox News poll: Trump gaining with independents,,"Fox, News, poll, :, Trump, gaining, independents",with,"Fox, News, poll, :, Trump, gaining, with, independents","[{'neg': 0.0, 'neu': 0.682, 'pos': 0.318, 'compound': 0.4215}]",neu,,,0.4215,Fox News poll: Trump gaining with independents
27/10/2016,Trump,"Breaking down difference in media coverage of Trump, Clinton",Reporters lob softballs at Clinton while Trump gets grilled,"Breaking down difference in media coverage of Trump, Clinton",,"Breaking, difference, media, coverage, Trump, ,, Clinton","down, in, of","Breaking, down, difference, in, media, coverage, of, Trump, ,, Clinton","[{'neg': 0.0, 'neu': 1.0, 'pos': 0.0, 'compound': 0.0}]",neu,,,0.0,"Breaking down difference in media coverage of Trump, Clinton"
28/10/2016,Trump,"Trump, Pence talk Clinton email scandal",Republican Party presidential ticket on 'Special Report',"Trump, Pence talk Clinton email scandal",,"Trump, ,, Pence, talk, Clinton, email, scandal",,"Trump, ,, Pence, talk, Clinton, email, scandal","[{'neg': 0.367, 'neu': 0.633, 'pos': 0.0, 'compound': -0.4404}]",neu,,,-0.4404,"Trump, Pence talk Clinton email scandal"
28/10/2016,Trump,Poll shows Trump leads Clinton among independents,Russell Verney weighs in,Poll shows Trump leads Clinton among independents,,"Poll, shows, Trump, leads, Clinton, independents",among,"Poll, shows, Trump, leads, Clinton, among, independents","[{'neg': 0.0, 'neu': 1.0, 'pos': 0.0, 'compound': 0.0}]",neu,,,0.0,Poll shows Trump leads Clinton among independents
28/10/2016,Trump,Donald Trump seizes on news of FBI's new Clinton probe,"Chief political correspondent Carl Cameron reports from Cedar Rapids, Iowa",Donald Trump seizes on news of FBI's new Clinton probe,,"Donald, Trump, seizes, news, FBI, new, Clinton, probe","on, of, 's","Donald, Trump, seizes, on, news, of, FBI, 's, new, Clinton, probe","[{'neg': 0.0, 'neu': 1.0, 'pos': 0.0, 'compound': 0.0}]",neu,,,0.0,Donald Trump seizes on news of FBI's new Clinton probe
29/10/2016,Trump,Trump campaign feels the momentum shifting,The polls are tightening. Donald Trump just wrote a $10M check to his campaign and Clinton is on the defense. Is the momentum shifting in favor of Donald Trump? Campaign manager Kellyanne Conway joins 'The Factor'.,Trump campaign feels the momentum shifting,,"Trump, campaign, feels, momentum, shifting",the,"Trump, campaign, feels, the, momentum, shifting","[{'neg': 0.0, 'neu': 1.0, 'pos': 0.0, 'compound': 0.0}]",neu,,,0.0,Trump campaign feels the momentum shifting
29/10/2016,Trump,First graders share their thoughts on Trump and Clinton,Talking to kids about the election,First graders share their thoughts on Trump and Clinton,,"graders, share, thoughts, Trump, Clinton","First, their, on, and","First, graders, share, their, thoughts, on, Trump, and, Clinton","[{'neg': 0.0, 'neu': 0.784, 'pos': 0.216, 'compound': 0.296}]",neu,,,0.296,First graders share their thoughts on Trump and Clinton
29/10/2016,Trump,Trump campaign adviser: Trajectory of the race has changed,Communications adviser Jason Miller weighs in,Trump campaign adviser: Trajectory of the race has changed,,"Trump, campaign, adviser, :, Trajectory, race, changed","of, the, has","Trump, campaign, adviser, :, Trajectory, of, the, race, has, changed","[{'neg': 0.0, 'neu': 1.0, 'pos': 0.0, 'compound': 0.0}]",neu,,,0.0,Trump campaign adviser: Trajectory of the race has changed
30/10/2016,Trump,Lara Trump on 'Women for Trump' movement,Judge Jeanine sits down with GOP candidate's daughter-in-law,Lara Trump on 'Women for Trump' movement,,"Lara, Trump, ', Women, Trump, ', movement","on, for","Lara, Trump, on, ', Women, for, Trump, ', movement","[{'neg': 0.0, 'neu': 1.0, 'pos': 0.0, 'compound': 0.0}]",neu,,,0.0,Lara Trump on 'Women for Trump' movement
30/10/2016,Trump,Mainstream media says Trump fans are hurting their feelings,The Mainstream Media says Donald Trump and his supporters have hurt their feelings.,Mainstream media says Trump fans are hurting their feelings,,"Mainstream, media, says, Trump, fans, hurting, feelings","are, their","Mainstream, media, says, Trump, fans, are, hurting, their, feelings","[{'neg': 0.252, 'neu': 0.748, 'pos': 0.0, 'compound': -0.4019}]",neu,,,-0.4019,Mainstream media says Trump fans are hurting their feelings
30/10/2016,Trump,"Mark Cuban, Trump nemesis",Why billionaire turned on The Donald,"Mark Cuban, Trump nemesis",,"Mark, Cuban, ,, Trump, nemesis",,"Mark, Cuban, ,, Trump, nemesis","[{'neg': 0.0, 'neu': 1.0, 'pos': 0.0, 'compound': 0.0}]",neu,,,0.0,"Mark Cuban, Trump nemesis"
31/10/2016,Trump,Trump expands media indictment,Says press unfair to his voters,Trump expands media indictment,,"Trump, expands, media, indictment",,"Trump, expands, media, indictment","[{'neg': 0.0, 'neu': 0.682, 'pos': 0.318, 'compound': 0.1027}]",neu,,,0.1027,Trump expands media indictment
31/10/2016,Trump,Could Donald Trump sue NBC?,Donald Trump told Bill OÕReilly Thursday night that NBC releasing his lewd conversation with Billy Bush in 2005 was Òcertainly illegal.Ó,Could Donald Trump sue NBC?,,"Donald, Trump, sue, NBC, ?",Could,"Could, Donald, Trump, sue, NBC, ?","[{'neg': 0.0, 'neu': 1.0, 'pos': 0.0, 'compound': 0.0}]",neu,,,0.0,Could Donald Trump sue NBC?
31/10/2016,Trump,Trump campaign revitalized with Clinton probe,John Roberts reports from Michigan,Trump campaign revitalized with Clinton probe,,"Trump, campaign, revitalized, Clinton, probe",with,"Trump, campaign, revitalized, with, Clinton, probe","[{'neg': 0.0, 'neu': 1.0, 'pos': 0.0, 'compound': 0.0}]",neu,,,0.0,Trump campaign revitalized with Clinton probe
01/11/2016,Trump,"Trump has momentum, but can he win?",Hillary Clinton appears to have lost support while Donald Trump appears to have a voter enthusiasm edge. Pollster and consultant Frank Luntz on what the presidential nominees must do and avoid to win in the final week before Election Day,"Trump has momentum, but can he win?",,"Trump, momentum, ,, win, ?","has, but, can, he","Trump, has, momentum, ,, but, can, he, win, ?","[{'neg': 0.0, 'neu': 0.536, 'pos': 0.464, 'compound': 0.7351}]",compound,,,0.7351,"Trump has momentum, but can he win?"
01/11/2016,Trump,Perfect event' for the Trump campaign,Outnumbered' panel reacts to the Republican presidential ticket's joint appearance on Obamacare,Perfect event' for the Trump campaign,,"Perfect, event, ', Trump, campaign","for, the","Perfect, event, ', for, the, Trump, campaign","[{'neg': 0.0, 'neu': 0.575, 'pos': 0.425, 'compound': 0.5719}]",neu,,,0.5719,Perfect event' for the Trump campaign
01/11/2016,Trump,"After Trump, an evangelical examination of conscience?","Evangelicals, deeply divided over Donald Trump, are wrestling with what the tumultuous 2016 election will mean for their future.","After Trump, an evangelical examination of conscience?",,"Trump, ,, evangelical, examination, conscience, ?","After, an, of","After, Trump, ,, an, evangelical, examination, of, conscience, ?","[{'neg': 0.0, 'neu': 1.0, 'pos': 0.0, 'compound': 0.0}]",neu,,,0.0,"After Trump, an evangelical examination of conscience?"
02/11/2016,Trump,Did Trump ghostwrite erotic novel 'Trump Tower'?,Red Eye' examines the book's passages,Did Trump ghostwrite erotic novel 'Trump Tower'?,,"Trump, ghostwrite, erotic, novel, ', Trump, Tower, ', ?",Did,"Did, Trump, ghostwrite, erotic, novel, ', Trump, Tower, ', ?","[{'neg': 0.0, 'neu': 0.723, 'pos': 0.277, 'compound': 0.3182}]",neu,,,0.3182,Did Trump ghostwrite erotic novel 'Trump Tower'?
02/11/2016,Trump,How Donald Trump could defeat Hillary Clinton,The O'Reilly Factor' analyzes the states the candidates need to win for electoral votes,How Donald Trump could defeat Hillary Clinton,,"Donald, Trump, defeat, Hillary, Clinton","How, could","How, Donald, Trump, could, defeat, Hillary, Clinton","[{'neg': 0.333, 'neu': 0.667, 'pos': 0.0, 'compound': -0.4588}]",neu,,,-0.4588,How Donald Trump could defeat Hillary Clinton
02/11/2016,Trump,Clinton goes after Trump on taxes,Jackie Ibanez reports from New York,Clinton goes after Trump on taxes,,"Clinton, goes, Trump, taxes","after, on","Clinton, goes, after, Trump, on, taxes","[{'neg': 0.0, 'neu': 1.0, 'pos': 0.0, 'compound': 0.0}]",neu,,,0.0,Clinton goes after Trump on taxes
03/11/2016,Trump,Daniel Henninger: Trump the Opera,"In place of a routine political endorsement, we give Trump the ultimate tributeÑhis own opera.",Daniel Henninger: Trump the Opera,,"Daniel, Henninger, :, Trump, Opera",the,"Daniel, Henninger, :, Trump, the, Opera","[{'neg': 0.0, 'neu': 1.0, 'pos': 0.0, 'compound': 0.0}]",neu,,,0.0,Daniel Henninger: Trump the Opera
03/11/2016,Trump,Kurtz: Why the pundits still underestimate Trump,MediaBuzz' host Howard Kurtz weighs in on pundits' tendency to assume Donald Trump has no chance of winning the election,Kurtz: Why the pundits still underestimate Trump,,"Kurtz, :, pundits, underestimate, Trump","Why, the, still","Kurtz, :, Why, the, pundits, still, underestimate, Trump","[{'neg': 0.268, 'neu': 0.732, 'pos': 0.0, 'compound': -0.296}]",neu,,,-0.296,Kurtz: Why the pundits still underestimate Trump
03/11/2016,Trump,McConnell gives strongest pro-Trump statement yet,"Senate Majority Leader Mitch McConnell made comments at a rally on Wednesday about Republican nominee Donald Trump saying, Ò""we need a new president, Donald Trump, to be the most powerful Republican in America.""",McConnell gives strongest pro-Trump statement yet,,"McConnell, gives, strongest, pro, -, Trump, statement",yet,"McConnell, gives, strongest, pro, -, Trump, statement, yet","[{'neg': 0.0, 'neu': 0.633, 'pos': 0.367, 'compound': 0.4404}]",neu,,,0.4404,McConnell gives strongest pro-Trump statement yet
04/11/2016,Trump,Why military veterans stand behind Donald Trump,"Pete Hegseth, Johnny Joey Jones provide insight",Why military veterans stand behind Donald Trump,,"military, veterans, stand, Donald, Trump","Why, behind","Why, military, veterans, stand, behind, Donald, Trump","[{'neg': 0.0, 'neu': 1.0, 'pos': 0.0, 'compound': 0.0}]",neu,,,0.0,Why military veterans stand behind Donald Trump
04/11/2016,Trump,Does Trump have enough time to pull off a victory?,The 'Special Report' All-Star panel weighs in,Does Trump have enough time to pull off a victory?,,"Trump, time, pull, victory, ?","Does, have, enough, to, off, a","Does, Trump, have, enough, time, to, pull, off, a, victory, ?","[{'neg': 0.0, 'neu': 1.0, 'pos': 0.0, 'compound': 0.0}]",neu,,,0.0,Does Trump have enough time to pull off a victory?
04/11/2016,Trump,Clinton vs. Trump: Closing arguments,Ed Rollins goes 'in the ring' to determine who landed the biggest political punches this week,Clinton vs Trump: Closing arguments,,"Clinton, vs, Trump, :, Closing, arguments",,"Clinton, vs, Trump, :, Closing, arguments","[{'neg': 0.403, 'neu': 0.597, 'pos': 0.0, 'compound': -0.4019}]",neu,,,-0.4019,Clinton vs. Trump: Closing arguments
05/11/2016,Trump,Trump announces plan to visit 'Democrat strongholds',Carl Cameron reports from the campaign trail with the Republican nominee,Trump announces plan to visit 'Democrat strongholds',,"Trump, announces, plan, visit, ', Democrat, strongholds, '",to,"Trump, announces, plan, to, visit, ', Democrat, strongholds, '","[{'neg': 0.0, 'neu': 0.75, 'pos': 0.25, 'compound': 0.25}]",neu,,,0.25,Trump announces plan to visit 'Democrat strongholds'
05/11/2016,Trump,The forgotten women who are supporting Trump,"Yes, college-educated women are overwhelmingly for Clinton; but women without college degrees are sticking with the Republican nominee.",The forgotten women who are supporting Trump,,"forgotten, women, supporting, Trump","The, who, are","The, forgotten, women, who, are, supporting, Trump","[{'neg': 0.194, 'neu': 0.51, 'pos': 0.296, 'compound': 0.25}]",neu,,,0.25,The forgotten women who are supporting Trump
05/11/2016,Trump,Clinton and Trump make final push to win battleground states,"The Five' react to the candidates' final days on the campaign trail, new Fox News poll numbers",Clinton and Trump make final push to win battleground states,,"Clinton, Trump, final, push, win, battleground, states","and, make, to","Clinton, and, Trump, make, final, push, to, win, battleground, states","[{'neg': 0.186, 'neu': 0.552, 'pos': 0.262, 'compound': 0.2732}]",neu,,,0.2732,Clinton and Trump make final push to win battleground states
06/11/2016,Trump,Lara Trump: Women are so excited to vote Trump,GOP nominee's daughter-in-law weighs in on 'America's Newsroom',Lara Trump: Women are so excited to vote Trump,,"Lara, Trump, :, Women, excited, vote, Trump","are, so, to","Lara, Trump, :, Women, are, so, excited, to, vote, Trump","[{'neg': 0.0, 'neu': 0.72, 'pos': 0.28, 'compound': 0.4795}]",neu,,,0.4795,Lara Trump: Women are so excited to vote Trump
06/11/2016,Trump,Pundits say Trump could win,After many forecast Clinton victory,Pundits say Trump could win,,"Pundits, Trump, win","say, could","Pundits, say, Trump, could, win","[{'neg': 0.0, 'neu': 0.513, 'pos': 0.487, 'compound': 0.5859}]",compound,,,0.5859,Pundits say Trump could win
06/11/2016,Trump,Donald Trump shows his softer side,Reaction on 'Outnumbered' to light-hearted moments on the campaign trail,Donald Trump shows his softer side,,"Donald, Trump, shows, softer","his, side","Donald, Trump, shows, his, softer, side","[{'neg': 0.0, 'neu': 1.0, 'pos': 0.0, 'compound': 0.0}]",neu,,,0.0,Donald Trump shows his softer side
07/11/2016,Trump,"Sarah Palin: If Trump wins, America wins",Former governor of Alaska joins 'The O'Reilly Factor' to discuss the final days of election 2016,"Sarah Palin: If Trump wins, America wins",,"Sarah, Palin, :, Trump, wins, ,, America, wins",If,"Sarah, Palin, :, If, Trump, wins, ,, America, wins","[{'neg': 0.0, 'neu': 0.403, 'pos': 0.597, 'compound': 0.8126}]",compound,,,0.8126,"Sarah Palin: If Trump wins, America wins"
07/11/2016,Trump,Why voters trust Trump with money issues,How the Republican nominee sparked a middle class revolt,Why voters trust Trump with money issues,,"voters, trust, Trump, money, issues","Why, with","Why, voters, trust, Trump, with, money, issues","[{'neg': 0.0, 'neu': 0.645, 'pos': 0.355, 'compound': 0.5106}]",neu,,,0.5106,Why voters trust Trump with money issues
07/11/2016,Trump,Krauthammer: Donald Trump will be the power broker,Fox News contributor predicts the Republican Party will split in two,Krauthammer: Donald Trump will be the power broker,,"Krauthammer, :, Donald, Trump, power, broker","will, be, the","Krauthammer, :, Donald, Trump, will, be, the, power, broker","[{'neg': 0.0, 'neu': 1.0, 'pos': 0.0, 'compound': 0.0}]",neu,,,0.0,Krauthammer: Donald Trump will be the power broker
08/11/2016,Trump,"Trump wins presidency, defeats Clinton in historic election upset","Donald Trump, defying the pundits and polls to the end, defeated Hillary Clinton in TuesdayÕs presidential election and claimed an establishment-stunning victory that exposes the depth of voter dissatisfaction Ð and signals immense changes ahead for American policy at home and abroad.","Trump wins presidency, defeats Clinton in historic election upset",,"Trump, wins, presidency, ,, defeats, Clinton, historic, election, upset",in,"Trump, wins, presidency, ,, defeats, Clinton, in, historic, election, upset","[{'neg': 0.336, 'neu': 0.411, 'pos': 0.253, 'compound': -0.0516}]",neu,,,-0.0516,"Trump wins presidency, defeats Clinton in historic election upset"
08/11/2016,Trump,Donald Trump: I think we're going to do very well,"On 'America's Election Headquarters,' the Republican nominee says he is waiting to see how the election plays out",Donald Trump: I think we're going to do very well,,"Donald, Trump, :, think, going","I, we, 're, to, do, very, well","Donald, Trump, :, I, think, we, 're, going, to, do, very, well","[{'neg': 0.0, 'neu': 0.77, 'pos': 0.23, 'compound': 0.3384}]",neu,,,0.3384,Donald Trump: I think we're going to do very well
08/11/2016,Trump,"Hayes, York look back at the Trump phenomenon",Political newcomer exceeded expectations,"Hayes, York look back at the Trump phenomenon",,"Hayes, ,, York, look, Trump, phenomenon","back, at, the","Hayes, ,, York, look, back, at, the, Trump, phenomenon","[{'neg': 0.0, 'neu': 1.0, 'pos': 0.0, 'compound': 0.0}]",neu,,,0.0,"Hayes, York look back at the Trump phenomenon"
09/11/2016,Trump,Donald Trump wins the White House,"Republican presidential nominee picks up Pennsylvania's 20 electoral votes, defeats Hillary Clinton in the presidential election",Donald Trump wins the White House,,"Donald, Trump, wins, White, House",the,"Donald, Trump, wins, the, White, House","[{'neg': 0.0, 'neu': 0.575, 'pos': 0.425, 'compound': 0.5719}]",neu,,,0.5719,Donald Trump wins the White House
09/11/2016,Trump,Krauthammer: Trump victory would be ideological revolution,Insight from Fox News contributor and syndicated columnist,Krauthammer: Trump victory would be ideological revolution,,"Krauthammer, :, Trump, victory, ideological, revolution","would, be","Krauthammer, :, Trump, victory, would, be, ideological, revolution","[{'neg': 0.0, 'neu': 1.0, 'pos': 0.0, 'compound': 0.0}]",neu,,,0.0,Krauthammer: Trump victory would be ideological revolution
09/11/2016,Trump,Palpable increase of enthusiasm' at Trump HQ,Carl Cameron reports from New York City,Palpable increase of enthusiasm' at Trump HQ,,"Palpable, increase, enthusiasm, ', Trump, HQ","of, at","Palpable, increase, of, enthusiasm, ', at, Trump, HQ","[{'neg': 0.0, 'neu': 0.49, 'pos': 0.51, 'compound': 0.6369}]",compound,,,0.6369,Palpable increase of enthusiasm' at Trump HQ
10/11/2016,Trump,"Bill O'Reilly: The people revolt, Trump wins",The O'Reilly Factor': Bill O'Reilly's Talking Points 11/9,"Bill O'Reilly: The people revolt, Trump wins",,"Bill, O'Reilly, :, people, revolt, ,, Trump, wins",The,"Bill, O'Reilly, :, The, people, revolt, ,, Trump, wins","[{'neg': 0.0, 'neu': 0.619, 'pos': 0.381, 'compound': 0.5719}]",neu,,,0.5719,"Bill O'Reilly: The people revolt, Trump wins"
10/11/2016,Trump,Analyzing media reaction to Trump victory,Bernie Goldberg joins 'The O'Reilly Factor' to discuss the reporting of the election results,Analyzing media reaction to Trump victory,,"Analyzing, media, reaction, Trump, victory",to,"Analyzing, media, reaction, to, Trump, victory","[{'neg': 0.0, 'neu': 1.0, 'pos': 0.0, 'compound': 0.0}]",neu,,,0.0,Analyzing media reaction to Trump victory
10/11/2016,Trump,Obama hosted President-elect Trump for a cordial meeting,The president-elect visited the capital with his transition well under way; Carl Cameron reports for 'Special Report',Obama hosted President-elect Trump for a cordial meeting,,"Obama, hosted, President, -, elect, Trump, cordial, meeting","for, a","Obama, hosted, President, -, elect, Trump, for, a, cordial, meeting","[{'neg': 0.0, 'neu': 1.0, 'pos': 0.0, 'compound': 0.0}]",neu,,,0.0,Obama hosted President-elect Trump for a cordial meeting
11/11/2016,Trump,President-elect Trump outlines top priorities,"Garrett Tenney reports from Washington, D.C.",President-elect Trump outlines top priorities,,"President, -, elect, Trump, outlines, priorities",top,"President, -, elect, Trump, outlines, top, priorities","[{'neg': 0.0, 'neu': 0.69, 'pos': 0.31, 'compound': 0.2023}]",neu,,,0.2023,President-elect Trump outlines top priorities
11/11/2016,Trump,Trump leadership shake-up as White House transition goes on,Christie replaced by Pence as transition head; Doug McKelway reports for 'Special Report',Trump leadership shake-up as White House transition goes on,,"Trump, leadership, shake, -, White, House, transition, goes","up, as, on","Trump, leadership, shake, -, up, as, White, House, transition, goes, on","[{'neg': 0.0, 'neu': 1.0, 'pos': 0.0, 'compound': 0.0}]",neu,,,0.0,Trump leadership shake-up as White House transition goes on
11/11/2016,Trump,A big week for Donald Trump and the stock market,"Fox Biz Flash: Friday, 11/11",A big week for Donald Trump and the stock market,,"big, week, Donald, Trump, stock, market","A, for, and, the","A, big, week, for, Donald, Trump, and, the, stock, market","[{'neg': 0.0, 'neu': 1.0, 'pos': 0.0, 'compound': 0.0}]",neu,,,0.0,A big week for Donald Trump and the stock market
12/11/2016,Trump,Rust Belt hands Trump the White House,How Republicans rode the surge in turnout among white working-class voters,Rust Belt hands Trump the White House,,"Rust, Belt, hands, Trump, White, House",the,"Rust, Belt, hands, Trump, the, White, House","[{'neg': 0.0, 'neu': 1.0, 'pos': 0.0, 'compound': 0.0}]",neu,,,0.0,Rust Belt hands Trump the White House
12/11/2016,Trump,Kids reacting to Trump presidency with mixed emotion,"Thirteen-year-old Sophia Davis, who is black and has friends who are Hispanic, Muslims and gay, is worried that Donald Trump's election will lead to the acceptance of a ""culture of violence and hateful speech.""",Kids reacting to Trump presidency with mixed emotion,,"Kids, reacting, Trump, presidency, mixed, emotion","to, with","Kids, reacting, to, Trump, presidency, with, mixed, emotion","[{'neg': 0.0, 'neu': 1.0, 'pos': 0.0, 'compound': 0.0}]",neu,,,0.0,Kids reacting to Trump presidency with mixed emotion
12/11/2016,Trump,"Geraldo on Trump transition, protests in major cities",Fox News roaming correspondent-at-large weighs in,"Geraldo on Trump transition, protests in major cities",,"Geraldo, Trump, transition, ,, protests, major, cities","on, in","Geraldo, on, Trump, transition, ,, protests, in, major, cities","[{'neg': 0.213, 'neu': 0.787, 'pos': 0.0, 'compound': -0.2263}]",neu,,,-0.2263,"Geraldo on Trump transition, protests in major cities"
13/11/2016,Trump,Trump pledges restraint with Twitter from White House,Donald Trump is pledging restraint on Twitter as president.,Trump pledges restraint with Twitter from White House,,"Trump, pledges, restraint, Twitter, White, House","with, from","Trump, pledges, restraint, with, Twitter, from, White, House","[{'neg': 0.0, 'neu': 1.0, 'pos': 0.0, 'compound': 0.0}]",neu,,,0.0,Trump pledges restraint with Twitter from White House
13/11/2016,Trump,Democrat who voted Trump reacts to victory,What do Democrats who supported GOP nominee want to see from the president-elect during his first 100 days?,Democrat who voted Trump reacts to victory,,"Democrat, voted, Trump, reacts, victory","who, to","Democrat, who, voted, Trump, reacts, to, victory","[{'neg': 0.0, 'neu': 1.0, 'pos': 0.0, 'compound': 0.0}]",neu,,,0.0,Democrat who voted Trump reacts to victory
13/11/2016,Trump,Dr. Manny: Trump can revolutionize health care for America,America is in the midst of a drug and mental health epidemic.,Dr Manny: Trump can revolutionize health care for America,,"Dr, Manny, :, Trump, revolutionize, health, care, America","can, for","Dr, Manny, :, Trump, can, revolutionize, health, care, for, America","[{'neg': 0.0, 'neu': 0.714, 'pos': 0.286, 'compound': 0.4939}]",neu,,,0.4939,Dr. Manny: Trump can revolutionize health care for America
14/11/2016,Trump,Alex Jones: Trump called to thank me,"President-elect Trump reportedly called Alex Jones, a radio host and noted conspiracy theorist, to thank him for his support during the presidential campaign, according to a video on Infowars.",Alex Jones: Trump called to thank me,,"Alex, Jones, :, Trump, called, thank","to, me","Alex, Jones, :, Trump, called, to, thank, me","[{'neg': 0.0, 'neu': 0.706, 'pos': 0.294, 'compound': 0.3612}]",neu,,,0.3612,Alex Jones: Trump called to thank me
14/11/2016,Trump,Trump is eyeing unconventional picks for his administration,Members of the president-elect's inner campaign circle are likely to become part of his new government; Carl Cameron reports for 'Special Report',Trump is eyeing unconventional picks for his administration,,"Trump, eyeing, unconventional, picks, administration","is, for, his","Trump, is, eyeing, unconventional, picks, for, his, administration","[{'neg': 0.0, 'neu': 1.0, 'pos': 0.0, 'compound': 0.0}]",neu,,,0.0,Trump is eyeing unconventional picks for his administration
14/11/2016,Trump,How President Trump could save Brexit,"Just as liberals in the U.S. are already trying to find ways to overturn TrumpÕs victory by attacking the Electoral College, in the U.K. they have been doing the same ever since the British people comfortably voted to leave the European Union in June.",How President Trump could save Brexit,,"President, Trump, save, Brexit","How, could","How, President, Trump, could, save, Brexit","[{'neg': 0.0, 'neu': 0.61, 'pos': 0.39, 'compound': 0.4939}]",neu,,,0.4939,How President Trump could save Brexit
15/11/2016,Trump,Trump transition team looks to fill key roles,Who will be chosen to serve in the president-elect's administration? Insight from Carl Cameron,Trump transition team looks to fill key roles,,"Trump, transition, team, looks, fill, key, roles",to,"Trump, transition, team, looks, to, fill, key, roles","[{'neg': 0.0, 'neu': 1.0, 'pos': 0.0, 'compound': 0.0}]",neu,,,0.0,Trump transition team looks to fill key roles
15/11/2016,Trump,Speaker Ryan looks ahead to 2017 with Trump,"Mike Emanuel reports from Washington, D.C.",Speaker Ryan looks ahead to 2017 with Trump,,"Speaker, Ryan, looks, ahead, 2017, Trump","to, with","Speaker, Ryan, looks, ahead, to, 2017, with, Trump","[{'neg': 0.0, 'neu': 1.0, 'pos': 0.0, 'compound': 0.0}]",neu,,,0.0,Speaker Ryan looks ahead to 2017 with Trump
15/11/2016,Trump,Speculation mounts over top Trump administration posts,The 'Special Report' All-Star panel weighs in,Speculation mounts over top Trump administration posts,,"Speculation, mounts, Trump, administration, posts","over, top","Speculation, mounts, over, top, Trump, administration, posts","[{'neg': 0.0, 'neu': 0.769, 'pos': 0.231, 'compound': 0.2023}]",neu,,,0.2023,Speculation mounts over top Trump administration posts
16/11/2016,Trump,"Trump defies convention, blasts transition critics",The steady stream of administration and cabinet candidates continues to file through Trump Tower; Doug McKelway has the details for 'Special Report',"Trump defies convention, blasts transition critics",,"Trump, defies, convention, ,, blasts, transition, critics",,"Trump, defies, convention, ,, blasts, transition, critics","[{'neg': 0.306, 'neu': 0.694, 'pos': 0.0, 'compound': -0.296}]",neu,,,-0.296,"Trump defies convention, blasts transition critics"
16/11/2016,Trump,Why no Nobel Prize for Trump?,"In just over a week as president-elect, Donald Trump has done more for peace and economic security than eight years of Barack Obama.",Why no Nobel Prize for Trump?,,"Nobel, Prize, Trump, ?","Why, no, for","Why, no, Nobel, Prize, for, Trump, ?","[{'neg': 0.232, 'neu': 0.421, 'pos': 0.347, 'compound': 0.2732}]",neu,,,0.2732,Why no Nobel Prize for Trump?
16/11/2016,Trump,"Trump defies convention, blasts transition critics",The steady stream of administration and cabinet candidates continues to file through Trump Tower; Doug McKelway has the details for 'Special Report',"Trump defies convention, blasts transition critics",,"Trump, defies, convention, ,, blasts, transition, critics",,"Trump, defies, convention, ,, blasts, transition, critics","[{'neg': 0.306, 'neu': 0.694, 'pos': 0.0, 'compound': -0.296}]",neu,,,-0.296,"Trump defies convention, blasts transition critics"
17/11/2016,Trump,Paris Hilton: I voted for Donald Trump,"Until now, Paris Hilton has kept her lips sealed about who she voted for in last TuesdayÕs U.S. presidential election.",Paris Hilton: I voted for Donald Trump,,"Paris, Hilton, :, voted, Donald, Trump","I, for","Paris, Hilton, :, I, voted, for, Donald, Trump","[{'neg': 0.0, 'neu': 1.0, 'pos': 0.0, 'compound': 0.0}]",neu,,,0.0,Paris Hilton: I voted for Donald Trump
17/11/2016,Trump,"San Francisco school's lesson: Trump sexist, racist",William La Jeunesse reports from Los Angeles,"San Francisco school's lesson: Trump sexist, racist",,"San, Francisco, school, lesson, :, Trump, sexist, ,, racist",'s,"San, Francisco, school, 's, lesson, :, Trump, sexist, ,, racist","[{'neg': 0.4, 'neu': 0.6, 'pos': 0.0, 'compound': -0.6124}]",neu,,,-0.6124,"San Francisco school's lesson: Trump sexist, racist"
17/11/2016,Trump,Rep. Devin Nunes: Trump transition is an 'organized process',"On 'Special Report,' the California congressman says rumors of tension are 'absolutely ridiculous'",Rep Devin Nunes: Trump transition is an 'organized process',,"Rep, Devin, Nunes, :, Trump, transition, ', organized, process, '","is, an","Rep, Devin, Nunes, :, Trump, transition, is, an, ', organized, process, '","[{'neg': 0.0, 'neu': 1.0, 'pos': 0.0, 'compound': 0.0}]",neu,,,0.0,Rep. Devin Nunes: Trump transition is an 'organized process'
18/11/2016,Trump,Critics call for Trump Cabinet diversity,Fox News contributor Katie Pavlich and Adam Green have a heated debate over the president-elect's appointees,Critics call for Trump Cabinet diversity,,"Critics, Trump, Cabinet, diversity","call, for","Critics, call, for, Trump, Cabinet, diversity","[{'neg': 0.306, 'neu': 0.694, 'pos': 0.0, 'compound': -0.296}]",neu,,,-0.296,Critics call for Trump Cabinet diversity
18/11/2016,Trump,Trump transition team kicks into high gear,"Bryan Llenas reports from Bedminster, New Jersey",Trump transition team kicks into high gear,,"Trump, transition, team, kicks, high, gear",into,"Trump, transition, team, kicks, into, high, gear","[{'neg': 0.0, 'neu': 1.0, 'pos': 0.0, 'compound': 0.0}]",neu,,,0.0,Trump transition team kicks into high gear
18/11/2016,Trump,"Flynn: Outspoken general, intelligence pro, Trump supporter","Michael Flynn, the former Army lieutenant general Donald Trump has asked to be his national security adviser, rose through the ranks of military intelligence on the strength of his reputation as an astute professional and an unconventional thinker.","Flynn: Outspoken general, intelligence pro, Trump supporter",,"Flynn, :, Outspoken, general, ,, intelligence, pro, ,, Trump, supporter",,"Flynn, :, Outspoken, general, ,, intelligence, pro, ,, Trump, supporter","[{'neg': 0.0, 'neu': 0.49, 'pos': 0.51, 'compound': 0.6369}]",compound,,,0.6369,"Flynn: Outspoken general, intelligence pro, Trump supporter"
19/11/2016,Trump,McCain to Trump: Waterboarding won't be reinstated,"A leading Republican voice on national security matters says he doesn't care what President-elect Donald Trump says, the United States will not reinstate waterboarding.",McCain to Trump: Waterboarding won't be reinstated,,"McCain, Trump, :, Waterboarding, wo, reinstated","to, n't, be","McCain, to, Trump, :, Waterboarding, wo, n't, be, reinstated","[{'neg': 0.0, 'neu': 1.0, 'pos': 0.0, 'compound': 0.0}]",neu,,,0.0,McCain to Trump: Waterboarding won't be reinstated
19/11/2016,Trump,"Sanctuary cities, Trump administration on collision course",Former New Mexico governor Bill Richardson gives his insight on a potential showdown between sanctuary city mayors and governors and Trump over illegal immigrants,"Sanctuary cities, Trump administration on collision course",,"Sanctuary, cities, ,, Trump, administration, collision, course",on,"Sanctuary, cities, ,, Trump, administration, on, collision, course","[{'neg': 0.294, 'neu': 0.706, 'pos': 0.0, 'compound': -0.3612}]",neu,,,-0.3612,"Sanctuary cities, Trump administration on collision course"
19/11/2016,Trump,Trump team: Mattis a strong candidate for Cabinet post,"Trump team: Mattis a strong candidate for Cabinet post
Doug McKelway reports from Bedminster, NJ, where the president-elect is meeting with prominent Republicans and potential Cabinet members",Trump team: Mattis a strong candidate for Cabinet post,,"Trump, team, :, Mattis, strong, candidate, Cabinet, post","a, for","Trump, team, :, Mattis, a, strong, candidate, for, Cabinet, post","[{'neg': 0.0, 'neu': 0.68, 'pos': 0.32, 'compound': 0.5106}]",neu,,,0.5106,Trump team: Mattis a strong candidate for Cabinet post
20/11/2016,Trump,Fox News Reporting: The Trump Revolution,How will the political earthquake play out?,Fox News Reporting: The Trump Revolution,,"Fox, News, Reporting, :, Trump, Revolution",The,"Fox, News, Reporting, :, The, Trump, Revolution","[{'neg': 0.0, 'neu': 1.0, 'pos': 0.0, 'compound': 0.0}]",neu,,,0.0,Fox News Reporting: The Trump Revolution
20/11/2016,Trump,"Schumer hints of compromise with Trump, but not on ObamaCare","Donald Trump is perhaps looking for a Democratic political ally in Sen. Chuck Schumer, considering the native New YorkersÕ long-time acquaintance","Schumer hints of compromise with Trump, but not on ObamaCare",,"Schumer, hints, compromise, Trump, ,, ObamaCare","of, with, but, not, on","Schumer, hints, of, compromise, with, Trump, ,, but, not, on, ObamaCare","[{'neg': 0.0, 'neu': 1.0, 'pos': 0.0, 'compound': 0.0}]",neu,,,0.0,"Schumer hints of compromise with Trump, but not on ObamaCare"
20/11/2016,Trump,Trump 'Apprentice' alum Leeza Gibbons on the importance of caregiving,"Leeza Gibbons may be best known for her co-hosting role on ÒEntertainment TonightÓ or for winning ÒThe ApprenticeÓ in the final season that Donald Trump hosted, but now, sheÕs making name for herself in the medical space by raising awareness for caregivers.",Trump 'Apprentice' alum Leeza Gibbons on the importance of caregiving,,"Trump, ', Apprentice, ', alum, Leeza, Gibbons, importance, caregiving","on, the, of","Trump, ', Apprentice, ', alum, Leeza, Gibbons, on, the, importance, of, caregiving","[{'neg': 0.0, 'neu': 0.783, 'pos': 0.217, 'compound': 0.3612}]",neu,,,0.3612,Trump 'Apprentice' alum Leeza Gibbons on the importance of caregiving
21/11/2016,Trump,Trump ditches press pool,Will he keep restricting access?,Trump ditches press pool,,"Trump, ditches, press, pool",,"Trump, ditches, press, pool","[{'neg': 0.0, 'neu': 1.0, 'pos': 0.0, 'compound': 0.0}]",neu,,,0.0,Trump ditches press pool
21/11/2016,Trump,Behind the scenes of the Trump transition,"T.W. Shannon, former speaker of the Oklahoma House, met with President-elect Trump",Behind the scenes of the Trump transition,,"scenes, Trump, transition","Behind, the, of, the","Behind, the, scenes, of, the, Trump, transition","[{'neg': 0.0, 'neu': 1.0, 'pos': 0.0, 'compound': 0.0}]",neu,,,0.0,Behind the scenes of the Trump transition
21/11/2016,Trump,President-elect Trump and the Iran Deal,Defcon3 KT McFarland talks to former Deputy Assistant Secretary of State Joel Rubin on the future of the Iran Deal under a Donald Trump administration,President-elect Trump and the Iran Deal,,"President, -, elect, Trump, Iran, Deal","and, the","President, -, elect, Trump, and, the, Iran, Deal","[{'neg': 0.0, 'neu': 1.0, 'pos': 0.0, 'compound': 0.0}]",neu,,,0.0,President-elect Trump and the Iran Deal
22/11/2016,Trump,Trump faces hurdles to reinstating waterboarding,"President-elect Donald Trump backs waterboarding and his pick for CIA director has called those who have done it ""patriots"" not ""torturers."" Yet a Trump administration faces steep legal and legislative hurdles to reinstate the interrogation practice that simulates drowning.",Trump faces hurdles to reinstating waterboarding,,"Trump, faces, hurdles, reinstating, waterboarding",to,"Trump, faces, hurdles, to, reinstating, waterboarding","[{'neg': 0.0, 'neu': 1.0, 'pos': 0.0, 'compound': 0.0}]",neu,,,0.0,Trump faces hurdles to reinstating waterboarding
22/11/2016,Trump,Trump walks back pledge to pursue Clinton probe,The 'Special Report' All-Star panel weighs in,Trump walks back pledge to pursue Clinton probe,,"Trump, walks, pledge, pursue, Clinton, probe","back, to","Trump, walks, back, pledge, to, pursue, Clinton, probe","[{'neg': 0.0, 'neu': 1.0, 'pos': 0.0, 'compound': 0.0}]",neu,,,0.0,Trump walks back pledge to pursue Clinton probe
22/11/2016,Trump,President-elect Trump lays out plan for first 100 days,"Priorities include trade, regulations, national security and ethics",President-elect Trump lays out plan for first 100 days,,"President, -, elect, Trump, lays, plan, 100, days","out, for, first","President, -, elect, Trump, lays, out, plan, for, first, 100, days","[{'neg': 0.0, 'neu': 1.0, 'pos': 0.0, 'compound': 0.0}]",neu,,,0.0,President-elect Trump lays out plan for first 100 days
23/11/2016,Trump,Kids are writing letters to Donald Trump,Is this a great way for children to work out their political angst?,Kids are writing letters to Donald Trump,,"Kids, writing, letters, Donald, Trump","are, to","Kids, are, writing, letters, to, Donald, Trump","[{'neg': 0.0, 'neu': 1.0, 'pos': 0.0, 'compound': 0.0}]",neu,,,0.0,Kids are writing letters to Donald Trump
23/11/2016,Trump,Jeff Bridges says he's 'rooting' for Trump,"Donald TrumpÔs unpredictability terrifies a lot of the Hollywood elite, but Jeff Bridges sees the positive side of that quality.",Jeff Bridges says he's 'rooting' for Trump,,"Jeff, Bridges, says, ', rooting, ', Trump","he, 's, for","Jeff, Bridges, says, he, 's, ', rooting, ', for, Trump","[{'neg': 0.0, 'neu': 1.0, 'pos': 0.0, 'compound': 0.0}]",neu,,,0.0,Jeff Bridges says he's 'rooting' for Trump
23/11/2016,Trump,Trump makes headlines during meeting with NYT,Howard Kurtz gives his take,Trump makes headlines during meeting with NYT,,"Trump, makes, headlines, meeting, NYT","during, with","Trump, makes, headlines, during, meeting, with, NYT","[{'neg': 0.0, 'neu': 1.0, 'pos': 0.0, 'compound': 0.0}]",neu,,,0.0,Trump makes headlines during meeting with NYT
24/11/2016,Trump,Trump administration continues taking shape,Reaction from the 'Special Report' All-Star panel,Trump administration continues taking shape,,"Trump, administration, continues, taking, shape",,"Trump, administration, continues, taking, shape","[{'neg': 0.0, 'neu': 1.0, 'pos': 0.0, 'compound': 0.0}]",neu,,,0.0,Trump administration continues taking shape
24/11/2016,Trump,Trump says he's working on Thanksgiving to bring back jobs,Marco Soriano of the Soriano Group provides insight on 'Happening Now' about how the strength of the U.S. dollar may impact the president-elect's plans,Trump says he's working on Thanksgiving to bring back jobs,,"Trump, says, working, Thanksgiving, bring, jobs","he, 's, on, to, back","Trump, says, he, 's, working, on, Thanksgiving, to, bring, back, jobs","[{'neg': 0.0, 'neu': 1.0, 'pos': 0.0, 'compound': 0.0}]",neu,,,0.0,Trump says he's working on Thanksgiving to bring back jobs
24/11/2016,Trump,Trump unnerves Asia but India could forge closer US ties,"Some Asian nations are watching anxiously as Donald Trump prepares to take up the presidency, but for at least one major power in the region, India, the changing of the guard in Washington could strengthen ties.",Trump unnerves Asia but India could forge closer US ties,,"Trump, unnerves, Asia, India, forge, closer, ties","but, could, US","Trump, unnerves, Asia, but, India, could, forge, closer, US, ties","[{'neg': 0.0, 'neu': 1.0, 'pos': 0.0, 'compound': 0.0}]",neu,,,0.0,Trump unnerves Asia but India could forge closer US ties
25/11/2016,Trump,Big jobs still available in Trump Cabinet,Chief national correspondent Ed Henry reports on the big names being considered,Big jobs still available in Trump Cabinet,,"Big, jobs, available, Trump, Cabinet","still, in","Big, jobs, still, available, in, Trump, Cabinet","[{'neg': 0.0, 'neu': 1.0, 'pos': 0.0, 'compound': 0.0}]",neu,,,0.0,Big jobs still available in Trump Cabinet
25/11/2016,Trump,Anti-Trump protests continue across the country,Jeremy Hunt of the Douglass Leadership Institute reacts,Anti-Trump protests continue across the country,,"Anti, -, Trump, protests, continue, country","across, the","Anti, -, Trump, protests, continue, across, the, country","[{'neg': 0.275, 'neu': 0.725, 'pos': 0.0, 'compound': -0.2263}]",neu,,,-0.2263,Anti-Trump protests continue across the country
25/11/2016,Trump,Does Romney need to win trust of Trump loyalists?,Fox News contributors Jehmu Green and Tony Sayegh join the debate,Does Romney need to win trust of Trump loyalists?,,"Romney, need, win, trust, Trump, loyalists, ?","Does, to, of","Does, Romney, need, to, win, trust, of, Trump, loyalists, ?","[{'neg': 0.0, 'neu': 0.395, 'pos': 0.605, 'compound': 0.8481}]",compound,,,0.8481,Does Romney need to win trust of Trump loyalists?
26/11/2016,Trump,President-elect Trump building foreign policy team,National security expert weighs in on the challenges the next administration may face,President-elect Trump building foreign policy team,,"President, -, elect, Trump, building, foreign, policy, team",,"President, -, elect, Trump, building, foreign, policy, team","[{'neg': 0.0, 'neu': 1.0, 'pos': 0.0, 'compound': 0.0}]",neu,,,0.0,President-elect Trump building foreign policy team
26/11/2016,Trump,Trump nominees could face resistance in Congress,Associate editor of The Hill provides insight,Trump nominees could face resistance in Congress,,"Trump, nominees, face, resistance, Congress","could, in","Trump, nominees, could, face, resistance, in, Congress","[{'neg': 0.0, 'neu': 1.0, 'pos': 0.0, 'compound': 0.0}]",neu,,,0.0,Trump nominees could face resistance in Congress
26/11/2016,Trump,"Trump takes to Twitter to bypass, criticize the medi",Susan Crabtree of the Washington Examiner weighs in as reporters show concerns about the president-elect's unconventional methods,"Trump takes to Twitter to bypass, criticize the medi",,"Trump, takes, Twitter, bypass, ,, criticize, medi","to, to, the","Trump, takes, to, Twitter, to, bypass, ,, criticize, the, medi","[{'neg': 0.245, 'neu': 0.755, 'pos': 0.0, 'compound': -0.3818}]",neu,,,-0.3818,"Trump takes to Twitter to bypass, criticize the medi"
27/11/2016,Trump,Is Trump abandoning promises?,"Softens talk on Hillary, climate, waterboarding",Is Trump abandoning promises?,,"Trump, abandoning, promises, ?",Is,"Is, Trump, abandoning, promises, ?","[{'neg': 0.361, 'neu': 0.278, 'pos': 0.361, 'compound': 0.0}]",pos,,,0.0,Is Trump abandoning promises?
27/11/2016,Trump,President-elect Trump works to build administration,"Kristin Fisher reports from Washington, D.C.",President-elect Trump works to build administration,,"President, -, elect, Trump, works, build, administration",to,"President, -, elect, Trump, works, to, build, administration","[{'neg': 0.0, 'neu': 1.0, 'pos': 0.0, 'compound': 0.0}]",neu,,,0.0,President-elect Trump works to build administration
27/11/2016,Trump,President-elect Trump calls recount efforts a 'scam',"Peter Doocy reports from Palm Beach, Florida",President-elect Trump calls recount efforts a 'scam',,"President, -, elect, Trump, calls, recount, efforts, ', scam, '",a,"President, -, elect, Trump, calls, recount, efforts, a, ', scam, '","[{'neg': 0.0, 'neu': 1.0, 'pos': 0.0, 'compound': 0.0}]",neu,,,0.0,President-elect Trump calls recount efforts a 'scam'
28/11/2016,Trump,Trump still facing concerns about white supremacists,Donald Trump's disavowal this past week of white supremacists who have cheered his election as president hasn't quieted concerns about the movement's impact on his White House or whether more acts of hate will be carried out in his name.,Trump still facing concerns about white supremacists,,"Trump, facing, concerns, white, supremacists","still, about","Trump, still, facing, concerns, about, white, supremacists","[{'neg': 0.25, 'neu': 0.75, 'pos': 0.0, 'compound': -0.25}]",neu,,,-0.25,Trump still facing concerns about white supremacists
28/11/2016,Trump,Petraeus meets with Trump amid the parade of candidates,Mitt Romney will also meet again with the president-elect as the debate heats up over the secretary of state vacancy; Peter Doocy goes in-depth for 'Special Report',Petraeus meets with Trump amid the parade of candidates,,"Petraeus, meets, Trump, amid, parade, candidates","with, the, of","Petraeus, meets, with, Trump, amid, the, parade, of, candidates","[{'neg': 0.0, 'neu': 1.0, 'pos': 0.0, 'compound': 0.0}]",neu,,,0.0,Petraeus meets with Trump amid the parade of candidates
28/11/2016,Trump,President-elect Trump mocks efforts to recount the ballots,The president-elect also blasted the Clinton campaign for joining Jill Stein's efforts; Carl Cameron reports for 'Special Report',President-elect Trump mocks efforts to recount the ballots,,"President, -, elect, Trump, mocks, efforts, recount, ballots","to, the","President, -, elect, Trump, mocks, efforts, to, recount, the, ballots","[{'neg': 0.3, 'neu': 0.7, 'pos': 0.0, 'compound': -0.4588}]",neu,,,-0.4588,President-elect Trump mocks efforts to recount the ballots
29/11/2016,Trump,Sudan's Al-Bashir voices support for Trump,"Sudanese President Omar al-Bashir, who is wanted by the International Criminal Court for war crimes in Darfur, voiced his support Tuesday for U.S. President-elect Donald Trump, saying dealing with him will be ""much easier"".",Sudan's Al-Bashir voices support for Trump,,"Sudan, Al, -, Bashir, voices, support, Trump","'s, for","Sudan, 's, Al, -, Bashir, voices, support, for, Trump","[{'neg': 0.0, 'neu': 0.649, 'pos': 0.351, 'compound': 0.4019}]",neu,,,0.4019,Sudan's Al-Bashir voices support for Trump
29/11/2016,Trump,Trump chooses ObamaCare critic to revamp health care system,President-elect nominates Rep. Tom Price as secretary of Health & Human Services,Trump chooses ObamaCare critic to revamp health care system,,"Trump, chooses, ObamaCare, critic, revamp, health, care, system",to,"Trump, chooses, ObamaCare, critic, to, revamp, health, care, system","[{'neg': 0.171, 'neu': 0.569, 'pos': 0.26, 'compound': 0.2732}]",neu,,,0.2732,Trump chooses ObamaCare critic to revamp health care system
29/11/2016,Trump,Jarrett: Clinton did the one thing guaranteed to rile Trump,Did the former Democratic presidential nominee waste her 'get out of jail free' card?,Jarrett: Clinton did the one thing guaranteed to rile Trump,,"Jarrett, :, Clinton, thing, guaranteed, rile, Trump","did, the, one, to","Jarrett, :, Clinton, did, the, one, thing, guaranteed, to, rile, Trump","[{'neg': 0.0, 'neu': 1.0, 'pos': 0.0, 'compound': 0.0}]",neu,,,0.0,Jarrett: Clinton did the one thing guaranteed to rile Trump
30/11/2016,Trump,Kurtz: Can Trump appointees drain the swamp?,MediaBuzz' host Howard Kurtz weighs in on the constant negativity from the mainstream media over every Trump appointee,Kurtz: Can Trump appointees drain the swamp?,,"Kurtz, :, Trump, appointees, drain, swamp, ?","Can, the","Kurtz, :, Can, Trump, appointees, drain, the, swamp, ?","[{'neg': 0.0, 'neu': 1.0, 'pos': 0.0, 'compound': 0.0}]",neu,,,0.0,Kurtz: Can Trump appointees drain the swamp?
30/11/2016,Trump,Palestinian leader seeks Trump support for independence,The Palestinian president says he will seek President-elect Donald Trump's support for an independent Palestinian state.,Palestinian leader seeks Trump support for independence,,"Palestinian, leader, seeks, Trump, support, independence",for,"Palestinian, leader, seeks, Trump, support, for, independence","[{'neg': 0.0, 'neu': 0.69, 'pos': 0.31, 'compound': 0.4019}]",neu,,,0.4019,Palestinian leader seeks Trump support for independence
30/11/2016,Trump,Trump formally announces Ross for Commerce secretary,President-elect Donald Trump officially said Wednesday that heÕll nominate financier Wilbur Ross to run the Commerce Department in his administration.,Trump formally announces Ross for Commerce secretary,,"Trump, formally, announces, Ross, Commerce, secretary",for,"Trump, formally, announces, Ross, for, Commerce, secretary","[{'neg': 0.0, 'neu': 1.0, 'pos': 0.0, 'compound': 0.0}]",neu,,,0.0,Trump formally announces Ross for Commerce secretary
