Date,Headline,Snippet,Sentiment_Values,Sentiment,Snippet_Sentiment_Values,Snippet_Sentiment,Headline_polarity,Snippet_polarity
2016-10-01,Donald Trump Opens New Line of Attack on Hillary Clinton: Her Marriage,"In an interview, Mr. Trump said he was reconsidering whether he would back Mrs. Clinton if she became president.","[{'neg': 0.22, 'neu': 0.78, 'pos': 0.0, 'compound': -0.4767}]",neu,"[{'neg': 0.0, 'neu': 1.0, 'pos': 0.0, 'compound': 0.0}]",neu,-0.4767,0.0
2016-10-01,Hillary Clinton and Democrats Raised $154 Million in September,"Her campaign and the party have a combined cash reserve of $150 million, setting them up for a final spending splurge on television ads and outreach.","[{'neg': 0.0, 'neu': 1.0, 'pos': 0.0, 'compound': 0.0}]",neu,"[{'neg': 0.0, 'neu': 0.821, 'pos': 0.179, 'compound': 0.5859}]",neu,0.0,0.5859
2016-10-01,New Hillary Clinton Ads Look to Expand Lead With Hispanic Voters,"The Clinton team has made Hispanic outreach a cornerstone of its advertising, and results are showing: In Florida, a poll shows her as having a 35-point lead.","[{'neg': 0.0, 'neu': 0.813, 'pos': 0.187, 'compound': 0.3182}]",neu,"[{'neg': 0.0, 'neu': 0.916, 'pos': 0.084, 'compound': 0.2732}]",neu,0.3182,0.2732
2016-10-01,How Could Anyone Vote for Trump?,It’s time for Republican leaders to exercise a little leadership.,"[{'neg': 0.0, 'neu': 1.0, 'pos': 0.0, 'compound': 0.0}]",neu,"[{'neg': 0.0, 'neu': 1.0, 'pos': 0.0, 'compound': 0.0}]",neu,0.0,0.0
2016-10-01,Donald Trump Is Seen as Helping Push Asian-Americans Into Democratic Arms,"Asian-Americans are identifying as Democrats at a quicker pace than any other racial group, and many Republicans worry this election is accelerating that trend.","[{'neg': 0.0, 'neu': 0.82, 'pos': 0.18, 'compound': 0.296}]",neu,"[{'neg': 0.116, 'neu': 0.884, 'pos': 0.0, 'compound': -0.4404}]",neu,0.296,-0.4404
2016-10-01,Donald Trump’s Pathetic Fraternity,Chris Christie and Rudy Giuliani once had pride. Now they have an orange overlord.,"[{'neg': 0.552, 'neu': 0.448, 'pos': 0.0, 'compound': -0.5719}]",neg,"[{'neg': 0.0, 'neu': 0.844, 'pos': 0.156, 'compound': 0.34}]",neu,-0.5719,0.34
2016-10-01,On the Trail: Week of Sept. 25,Hillary Clinton and Donald J. Trump traded barbs at the first general election debate of 2016 and then hit the road campaigning.,"[{'neg': 0.0, 'neu': 1.0, 'pos': 0.0, 'compound': 0.0}]",neu,"[{'neg': 0.0, 'neu': 1.0, 'pos': 0.0, 'compound': 0.0}]",neu,0.0,0.0
2016-10-01,Trump and the Intellectuals,A case for Trump’s ideas that ignores the man himself.,"[{'neg': 0.0, 'neu': 0.536, 'pos': 0.464, 'compound': 0.3818}]",neu,"[{'neg': 0.208, 'neu': 0.792, 'pos': 0.0, 'compound': -0.2732}]",neu,0.3818,-0.2732
2016-10-01,The Monster Sorority of Women Voters,The danger of focusing on the differences between men and women is that it assumes all women are the same.,"[{'neg': 0.0, 'neu': 1.0, 'pos': 0.0, 'compound': 0.0}]",neu,"[{'neg': 0.152, 'neu': 0.848, 'pos': 0.0, 'compound': -0.5267}]",neu,0.0,-0.5267
2016-10-02,‘S.N.L.’ Begins a New Season With Alec Baldwin as Donald Trump,"Kate McKinnon returned as Hillary Clinton in the much-anticipated opening sketch, a parody of the first presidential debate.","[{'neg': 0.0, 'neu': 1.0, 'pos': 0.0, 'compound': 0.0}]",neu,"[{'neg': 0.0, 'neu': 1.0, 'pos': 0.0, 'compound': 0.0}]",neu,0.0,0.0
2016-10-02,"Donald Trump, Hillary Clinton, Hoboken: Your Weekend Briefing",Here’s what you need to know about the week’s top stories.,"[{'neg': 0.0, 'neu': 1.0, 'pos': 0.0, 'compound': 0.0}]",neu,"[{'neg': 0.0, 'neu': 0.847, 'pos': 0.153, 'compound': 0.2023}]",neu,0.0,0.2023
2016-10-03,Trump’s Fellow Travelers,Profiles in cowardice and fecklessness.,"[{'neg': 0.0, 'neu': 1.0, 'pos': 0.0, 'compound': 0.0}]",neu,"[{'neg': 0.0, 'neu': 1.0, 'pos': 0.0, 'compound': 0.0}]",neu,0.0,0.0
2016-10-03,"How Hillary Clinton Grappled With Bill Clinton’s Infidelity, and His Accusers",Bill Clinton’s 1992 presidential campaign used aggressive tactics to combat claims about his extramarital conduct. Here is a look at Mrs. Clinton’s role.,"[{'neg': 0.0, 'neu': 1.0, 'pos': 0.0, 'compound': 0.0}]",neu,"[{'neg': 0.167, 'neu': 0.833, 'pos': 0.0, 'compound': -0.4588}]",neu,0.0,-0.4588
2016-10-03,Tim Kaine and Mike Pence Prepare for Vice-Presidential Proxy Fight,"At the debate on Tuesday, the vice-presidential candidates will have to defend their running mates — an especially critical job this time around with such an intense focus on the top of the ticket.","[{'neg': 0.224, 'neu': 0.776, 'pos': 0.0, 'compound': -0.3818}]",neu,"[{'neg': 0.073, 'neu': 0.841, 'pos': 0.087, 'compound': -0.1263}]",neu,-0.3818,-0.1263
2016-10-03,Ailing Obama Health Care Act May Have to Change to Survive,"With plans too expensive and inaccessible for many, the law will almost certainly need to evolve. The election is likely to determine how.","[{'neg': 0.0, 'neu': 0.758, 'pos': 0.242, 'compound': 0.4939}]",neu,"[{'neg': 0.0, 'neu': 0.913, 'pos': 0.087, 'compound': 0.2748}]",neu,0.4939,0.2748
2016-10-03,"Donald Trump, Aleppo, FARC: Your Monday Evening Briefing",Here’s what you need to know at the end of the day.,"[{'neg': 0.0, 'neu': 1.0, 'pos': 0.0, 'compound': 0.0}]",neu,"[{'neg': 0.0, 'neu': 1.0, 'pos': 0.0, 'compound': 0.0}]",neu,0.0,0.0
2016-10-03,"Donald Trump, FARC, Ryder Cup: Your Monday Briefing",Here’s what you need to know to start your day.,"[{'neg': 0.0, 'neu': 1.0, 'pos': 0.0, 'compound': 0.0}]",neu,"[{'neg': 0.0, 'neu': 1.0, 'pos': 0.0, 'compound': 0.0}]",neu,0.0,0.0
2016-10-03,Civil Conversation Challenge for Teenagers | Issue 1: Immigration,Do you believe that immigrants coming to the United States make American society better or worse in the long run?,"[{'neg': 0.0, 'neu': 0.843, 'pos': 0.157, 'compound': 0.0772}]",neu,"[{'neg': 0.12, 'neu': 0.659, 'pos': 0.221, 'compound': 0.3818}]",neu,0.0772,0.3818
2016-10-03,"In Upstate Congressional Race, a ‘Classic Boxers’ Match’ That Is Virtually Tied","In some ways, the race in New York’s 19th District — between the Republican John J. Faso and the Democrat Zephyr Teachout — is the presidential race turned inside out.","[{'neg': 0.0, 'neu': 1.0, 'pos': 0.0, 'compound': 0.0}]",neu,"[{'neg': 0.0, 'neu': 1.0, 'pos': 0.0, 'compound': 0.0}]",neu,0.0,0.0
2016-10-03,Mitch McConnell and Paul Ryan Are of Two Minds About Divided Government,"The next president will test either Senator Mitch McConnell’s belief that bipartisanship can lead to significant progress, or Speaker Paul D. Ryan’s preference for single-party control.","[{'neg': 0.0, 'neu': 1.0, 'pos': 0.0, 'compound': 0.0}]",neu,"[{'neg': 0.0, 'neu': 0.839, 'pos': 0.161, 'compound': 0.5574}]",neu,0.0,0.5574
2016-10-03,Florida’s Changing Latino Population Veers From G.O.P.,"For decades, being Latino in Florida almost always meant being Republican. But the demographic mix is changing, and many now register as Democrats or independents.","[{'neg': 0.0, 'neu': 1.0, 'pos': 0.0, 'compound': 0.0}]",neu,"[{'neg': 0.0, 'neu': 1.0, 'pos': 0.0, 'compound': 0.0}]",neu,0.0,0.0
2016-10-04,"Better Polling for Clinton, but Trump Is Keeping Core Support",Donald Trump’s strength among white working-class voters continues to offer him a narrow opening to victory.,"[{'neg': 0.0, 'neu': 0.593, 'pos': 0.407, 'compound': 0.6705}]",compound,"[{'neg': 0.0, 'neu': 0.814, 'pos': 0.186, 'compound': 0.4939}]",neu,0.6705,0.4939
2016-10-04,A Look at Clinton’s Marriage Woes Raises a Question: Really?,"A case can be made, perhaps, for a close look at how Hillary Clinton responded to her husband’s infidelity. But not for this particular story.","[{'neg': 0.293, 'neu': 0.707, 'pos': 0.0, 'compound': -0.4404}]",neu,"[{'neg': 0.0, 'neu': 1.0, 'pos': 0.0, 'compound': 0.0}]",neu,-0.4404,0.0
2016-10-04,"The Trump Dialogues, From a Parody Universe",Comedians take their fictional versions of Donald J. Trump’s inner circle to the internet.,"[{'neg': 0.0, 'neu': 1.0, 'pos': 0.0, 'compound': 0.0}]",neu,"[{'neg': 0.0, 'neu': 0.855, 'pos': 0.145, 'compound': 0.296}]",neu,0.0,0.296
2016-10-04,Hillary Clinton’s Lonesome White Male Supporters,"They’re awash in Trump fans, who are not shy about their disdain for the Democratic nominee.","[{'neg': 0.266, 'neu': 0.426, 'pos': 0.309, 'compound': 0.1027}]",neu,"[{'neg': 0.165, 'neu': 0.743, 'pos': 0.092, 'compound': -0.3313}]",neu,0.1027,-0.3313
2016-10-04,Third-Party Voters Know What They Want,And they don’t want to be told they will bear responsibility for President Trump. That would be the fault of the two-party system they despise.,"[{'neg': 0.0, 'neu': 0.794, 'pos': 0.206, 'compound': 0.0772}]",neu,"[{'neg': 0.18, 'neu': 0.775, 'pos': 0.046, 'compound': -0.5859}]",neu,0.0772,-0.5859
2016-10-04,"With Tim Kaine and Mike Pence, Faith Is Back in the Mix",This campaign has largely been absent of the social issues that were at the heart of the country’s political divide for decades. That might change at Tuesday’s vice-presidential debate.,"[{'neg': 0.0, 'neu': 0.797, 'pos': 0.203, 'compound': 0.4215}]",neu,"[{'neg': 0.0, 'neu': 1.0, 'pos': 0.0, 'compound': 0.0}]",neu,0.4215,0.0
2016-10-04,Trump as ‘Role Model’? Kelly Ayotte Says She Misspoke,"After praising Donald J. Trump during a debate in her Senate race, Ms. Ayotte tried to walk back her remarks, but it did not quiet critics on social media.","[{'neg': 0.0, 'neu': 1.0, 'pos': 0.0, 'compound': 0.0}]",neu,"[{'neg': 0.0, 'neu': 0.85, 'pos': 0.15, 'compound': 0.5547}]",neu,0.0,0.5547
2016-10-04,"Julian Assange, WikiLeaks Founder, Promises Raft of Revelations","On his organization’s 10th anniversary, he vowed to release “significant material” about a range of issues, including the U.S. election.","[{'neg': 0.0, 'neu': 0.729, 'pos': 0.271, 'compound': 0.3818}]",neu,"[{'neg': 0.0, 'neu': 1.0, 'pos': 0.0, 'compound': 0.0}]",neu,0.3818,0.0
2016-10-04,Senator Kaine and Gov. Pence: Face-Off in Farmville!,"O.K., it won’t rival the Trump-Clinton rumble for excitement, but the vice-presidential debate could be an important comparison of policy visions.","[{'neg': 0.0, 'neu': 1.0, 'pos': 0.0, 'compound': 0.0}]",neu,"[{'neg': 0.0, 'neu': 0.73, 'pos': 0.27, 'compound': 0.6858}]",neu,0.0,0.6858
2016-10-04,"Speak Up, Mr. Vice Presidential Candidate. We Can Barely Hear You.","For Tim Kaine and Mike Pence, nothing can be said to be certain, except debate and taxes.","[{'neg': 0.0, 'neu': 1.0, 'pos': 0.0, 'compound': 0.0}]",neu,"[{'neg': 0.0, 'neu': 0.884, 'pos': 0.116, 'compound': 0.2732}]",neu,0.0,0.2732
2016-10-05,"In Visceral Ads for Hillary Clinton, Donald Trump Does All the Talking","Three Clinton ads depict how young women, children and veterans might respond when shown insults by Mr. Trump, a marked departure from traditional attack ads.","[{'neg': 0.0, 'neu': 1.0, 'pos': 0.0, 'compound': 0.0}]",neu,"[{'neg': 0.211, 'neu': 0.789, 'pos': 0.0, 'compound': -0.7096}]",neu,0.0,-0.7096
2016-10-05,Donald Trump as Role Model? G.O.P. Senator ‘Absolutely’ Has Second Thoughts,Senator Kelly Ayotte of New Hampshire found herself apologizing for praising her party’s presidential candidate as a good role model.,"[{'neg': 0.0, 'neu': 1.0, 'pos': 0.0, 'compound': 0.0}]",neu,"[{'neg': 0.055, 'neu': 0.675, 'pos': 0.27, 'compound': 0.7269}]",compound,0.0,0.7269
2016-10-05,A Trumpism of the Left,Could Hillary Clinton’s technocratic party get a celebrity makeover someday?,"[{'neg': 0.0, 'neu': 1.0, 'pos': 0.0, 'compound': 0.0}]",neu,"[{'neg': 0.0, 'neu': 0.748, 'pos': 0.252, 'compound': 0.4019}]",neu,0.0,0.4019
2016-10-05,"Hashtags, Polls and Putin: Aftermath of the Vice-Presidential Debate","“That Mexican thing” pops up on social media, a new poll shows a tight race in Ohio, and the Republican ticket appears split over how to handle the Russian president.","[{'neg': 0.0, 'neu': 1.0, 'pos': 0.0, 'compound': 0.0}]",neu,"[{'neg': 0.0, 'neu': 1.0, 'pos': 0.0, 'compound': 0.0}]",neu,0.0,0.0
2016-10-05,The Editorialists Have Spoken; Will Voters Listen?,"Newspaper and magazine editorials denouncing Donald J. Trump keep coming, the latest being a rare presidential endorsement by The Atlantic magazine.","[{'neg': 0.0, 'neu': 1.0, 'pos': 0.0, 'compound': 0.0}]",neu,"[{'neg': 0.0, 'neu': 0.892, 'pos': 0.108, 'compound': 0.3182}]",neu,0.0,0.3182
2016-10-05,Fact Checks of the Vice-Presidential Debate,Reporters for The New York Times fact-checked the statements made by Senator Tim Kaine and Gov. Mike Pence during Tuesday’s vice-presidential debate.,"[{'neg': 0.0, 'neu': 1.0, 'pos': 0.0, 'compound': 0.0}]",neu,"[{'neg': 0.0, 'neu': 1.0, 'pos': 0.0, 'compound': 0.0}]",neu,0.0,0.0
2016-10-05,Donald Trump’s Slip in Polls Has G.O.P. Worried About Congress,"With Mr. Trump’s support plunging in swing states, Republican congressional candidates are faced with openly fleeing the nominee to save their own campaigns.","[{'neg': 0.196, 'neu': 0.804, 'pos': 0.0, 'compound': -0.296}]",neu,"[{'neg': 0.0, 'neu': 0.781, 'pos': 0.219, 'compound': 0.7096}]",neu,-0.296,0.7096
2016-10-05,"When You Hear the Margin of Error Is Plus or Minus 3 Percent, Think 7 Instead","There are many ways, besides the well-known sampling error, to get things wrong in polling.","[{'neg': 0.172, 'neu': 0.828, 'pos': 0.0, 'compound': -0.4019}]",neu,"[{'neg': 0.309, 'neu': 0.691, 'pos': 0.0, 'compound': -0.7003}]",neu,-0.4019,-0.7003
2016-10-05,Questions for: ‘Tim Kaine and Mike Pence Clash Sharply Over Their Running Mates’,What points did each candidate try to drive home about their running mates’ policies and character?,"[{'neg': 0.0, 'neu': 1.0, 'pos': 0.0, 'compound': 0.0}]",neu,"[{'neg': 0.0, 'neu': 1.0, 'pos': 0.0, 'compound': 0.0}]",neu,0.0,0.0
2016-10-05,Mike Pence’s Fantasy Running Mate,His Donald Trump bore little resemblance to reality.,"[{'neg': 0.0, 'neu': 1.0, 'pos': 0.0, 'compound': 0.0}]",neu,"[{'neg': 0.222, 'neu': 0.778, 'pos': 0.0, 'compound': -0.25}]",neu,0.0,-0.25
2016-10-06,Pro-Trump Group to Release Ads as Part of Major Swing State Effort,"45Committee is connected to the family of Todd Ricketts, a Republican donor who was once part of the so-called Never Trump movement.","[{'neg': 0.0, 'neu': 1.0, 'pos': 0.0, 'compound': 0.0}]",neu,"[{'neg': 0.0, 'neu': 1.0, 'pos': 0.0, 'compound': 0.0}]",neu,0.0,0.0
2016-10-06,Want to Know the Crucial Areas for Clinton? Follow Michelle Obama,"The popular first lady, who limits her campaign appearances, is being dispatched to places and constituencies where the campaign is facing the greatest pressure.","[{'neg': 0.0, 'neu': 0.885, 'pos': 0.115, 'compound': 0.0772}]",neu,"[{'neg': 0.073, 'neu': 0.695, 'pos': 0.232, 'compound': 0.7003}]",compound,0.0772,0.7003
2016-10-06,Mike Pence Disavows Donald Trump’s Earlier Proposal Barring Muslims,"Asked during a number of interviews on Thursday about why he will not condemn the Muslim ban now, Mr. Pence said, “Because that’s not Donald Trump’s position now.”","[{'neg': 0.0, 'neu': 1.0, 'pos': 0.0, 'compound': 0.0}]",neu,"[{'neg': 0.116, 'neu': 0.772, 'pos': 0.112, 'compound': -0.2769}]",neu,0.0,-0.2769
2016-10-06,Donald Trump Takes Advantage of a Republican Party Pitted Against Itself,"Mr. Trump has fomented divisions that began before he started his campaign, capitalizing on working-class whites’ anger at the party establishment.","[{'neg': 0.0, 'neu': 0.63, 'pos': 0.37, 'compound': 0.5719}]",neu,"[{'neg': 0.146, 'neu': 0.748, 'pos': 0.106, 'compound': -0.25}]",neu,0.5719,-0.25
2016-10-06,"Civil Conversation Challenge for Teenagers | Issue 4: Race, Gender and Identity","Both presidential candidates are increasingly staking their fortunes on these cultural issues that, The Times writes, are “convulsing the nation.” What do you think?","[{'neg': 0.0, 'neu': 0.885, 'pos': 0.115, 'compound': 0.0772}]",neu,"[{'neg': 0.0, 'neu': 1.0, 'pos': 0.0, 'compound': 0.0}]",neu,0.0772,0.0
2016-10-06,New York Today: A City of Superheroes,"Thursday: Comic Con comes to town, the history of toilets, and Halloween costumes.","[{'neg': 0.0, 'neu': 1.0, 'pos': 0.0, 'compound': 0.0}]",neu,"[{'neg': 0.0, 'neu': 1.0, 'pos': 0.0, 'compound': 0.0}]",neu,0.0,0.0
2016-10-06,‘Doomocracy’ Puts the Politics of Fear on Display in Brooklyn,"Produced by Creative Time, Pedro Reyes’s political and satirical haunted house explores industries and systems that seem beyond anyone’s control.","[{'neg': 0.262, 'neu': 0.738, 'pos': 0.0, 'compound': -0.4939}]",neu,"[{'neg': 0.129, 'neu': 0.75, 'pos': 0.121, 'compound': -0.0516}]",neu,-0.4939,-0.0516
2016-10-06,"At Frieze London, Throwing Light on Tense Times",Frieze marks a milestone as dealers and collectors gathering in London nervously look forward.,"[{'neg': 0.255, 'neu': 0.745, 'pos': 0.0, 'compound': -0.34}]",neu,"[{'neg': 0.118, 'neu': 0.882, 'pos': 0.0, 'compound': -0.1531}]",neu,-0.34,-0.1531
2016-10-07,"Balance, Trump and Lies","Is any equivalence of the treatment of Clinton and Trump “false” because they are not compatible, any more than, say, harassment and murder?","[{'neg': 0.483, 'neu': 0.517, 'pos': 0.0, 'compound': -0.4215}]",neu,"[{'neg': 0.287, 'neu': 0.713, 'pos': 0.0, 'compound': -0.8578}]",neu,-0.4215,-0.8578
2016-10-07,"How This Jobs Report Can Help Clinton, and Trump","The numbers are such that Hillary Clinton can argue that the economy continues to improve, and Donald Trump can argue that things haven’t improved enough.","[{'neg': 0.0, 'neu': 0.748, 'pos': 0.252, 'compound': 0.4019}]",neu,"[{'neg': 0.151, 'neu': 0.66, 'pos': 0.189, 'compound': 0.296}]",neu,0.4019,0.296
2016-10-07,How Many Times Have Both Parties Nominated New Yorkers for President?,"The Trump-Clinton campaign bears some, though not too many, similarities to three other New York-centric presidential elections.","[{'neg': 0.0, 'neu': 0.787, 'pos': 0.213, 'compound': 0.4019}]",neu,"[{'neg': 0.0, 'neu': 1.0, 'pos': 0.0, 'compound': 0.0}]",neu,0.4019,0.0
2016-10-07,Letterman Has No Love for ‘Damaged’ Trump,"In an interview, Mr. Letterman gave his thoughts on the Republican presidential nominee and why he considers him “a person to be shunned.”","[{'neg': 0.193, 'neu': 0.439, 'pos': 0.368, 'compound': 0.4588}]",compound,"[{'neg': 0.0, 'neu': 1.0, 'pos': 0.0, 'compound': 0.0}]",neu,0.4588,0.0
2016-10-07,Donald Trump Apology Caps Day of Outrage Over Lewd Tape,A vulgar discussion recorded in 2005 on a soap opera set added to evidence that Mr. Trump has a record of sexist behavior.,"[{'neg': 0.264, 'neu': 0.64, 'pos': 0.096, 'compound': -0.4767}]",neu,"[{'neg': 0.0, 'neu': 1.0, 'pos': 0.0, 'compound': 0.0}]",neu,-0.4767,0.0
2016-10-07,Donald Trump Adjusts His Complaints About Debate Microphone,"The problem in the first head-to-head with Hillary Clinton, he said, was that the people operating the soundboard had been “oscillating” as he spoke, changing the levels of his voice.","[{'neg': 0.278, 'neu': 0.722, 'pos': 0.0, 'compound': -0.4019}]",neu,"[{'neg': 0.085, 'neu': 0.915, 'pos': 0.0, 'compound': -0.4019}]",neu,-0.4019,-0.4019
2016-10-07,When Trump vs. Clinton Becomes a Family Affair,"In midlife, a man quickly forges a tight bond with a sister he never knew he had, until the presidential campaign threatens to pull them apart.","[{'neg': 0.0, 'neu': 1.0, 'pos': 0.0, 'compound': 0.0}]",neu,"[{'neg': 0.106, 'neu': 0.894, 'pos': 0.0, 'compound': -0.3818}]",neu,0.0,-0.3818
2016-10-07,U.S. Says Russia Directed Hacks to Influence Elections,The government formally accused the Kremlin of stealing and disclosing emails from the Democratic National Committee and other sources.,"[{'neg': 0.0, 'neu': 1.0, 'pos': 0.0, 'compound': 0.0}]",neu,"[{'neg': 0.258, 'neu': 0.742, 'pos': 0.0, 'compound': -0.7096}]",neu,0.0,-0.7096
2016-10-07,Democrats Push to Extend Voter Registration in Storm-Damaged Florida,"Gov. Rick Scott, a Republican, declined to extend the deadline after a call from Hillary Clinton’s presidential campaign to accommodate people disrupted by the hurricane.","[{'neg': 0.0, 'neu': 0.825, 'pos': 0.175, 'compound': 0.1779}]",neu,"[{'neg': 0.0, 'neu': 0.928, 'pos': 0.072, 'compound': 0.1779}]",neu,0.1779,0.1779
2016-10-07,"Hurricane Matthew, Donald Trump, Nobel Prize: Your Friday Evening Briefing",Here’s what you need to know at the end of the day.,"[{'neg': 0.0, 'neu': 0.732, 'pos': 0.268, 'compound': 0.5106}]",neu,"[{'neg': 0.0, 'neu': 1.0, 'pos': 0.0, 'compound': 0.0}]",neu,0.5106,0.0
2016-10-08,"To Redefine Homestretch, Hillary Clinton Cues the Children","“Measure,” a new ad that begins with girls checking their heights against wall rulers, aims to stand out near the end of a negative campaign season.","[{'neg': 0.0, 'neu': 1.0, 'pos': 0.0, 'compound': 0.0}]",neu,"[{'neg': 0.139, 'neu': 0.861, 'pos': 0.0, 'compound': -0.5719}]",neu,0.0,-0.5719
2016-10-08,John McCain Withdraws Support for Donald Trump After Disclosure of Recording,Mr. McCain became the latest party leader to distance himself from the nominee after a recording showed Mr. Trump speaking about women in lewd and degrading terms.,"[{'neg': 0.0, 'neu': 0.787, 'pos': 0.213, 'compound': 0.4019}]",neu,"[{'neg': 0.125, 'neu': 0.787, 'pos': 0.089, 'compound': -0.2732}]",neu,0.4019,-0.2732
2016-10-08,Hillary Clinton’s Poisoned Prize,"She’ll most likely rescue us from Trump, but not from the political dysfunction that helped to create him.","[{'neg': 0.376, 'neu': 0.235, 'pos': 0.388, 'compound': 0.0258}]",pos,"[{'neg': 0.157, 'neu': 0.635, 'pos': 0.209, 'compound': 0.0616}]",neu,0.0258,0.0616
2016-10-08,The Sleaziness of Donald Trump,He boasted about assaulting women. Enough.,"[{'neg': 0.0, 'neu': 1.0, 'pos': 0.0, 'compound': 0.0}]",neu,"[{'neg': 0.398, 'neu': 0.602, 'pos': 0.0, 'compound': -0.5106}]",neu,0.0,-0.5106
2016-10-08,Lewd Donald Trump Tape Is a Breaking Point for Many in the G.O.P.,Pressure built on the candidate to withdraw from the presidential campaign as party leaders urged the G.O.P. to shift its focus to down-ballot contests.,"[{'neg': 0.0, 'neu': 1.0, 'pos': 0.0, 'compound': 0.0}]",neu,"[{'neg': 0.082, 'neu': 0.818, 'pos': 0.1, 'compound': 0.128}]",neu,0.0,0.128
2016-10-08,Political Futures,Readers react to “Who’s Afraid of Trump? The Markets” (Oct. 2).,"[{'neg': 0.0, 'neu': 1.0, 'pos': 0.0, 'compound': 0.0}]",neu,"[{'neg': 0.0, 'neu': 1.0, 'pos': 0.0, 'compound': 0.0}]",neu,0.0,0.0
2016-10-08,Newly Released Hillary Clinton Emails Offer Glimpse at Husband’s Advice,The State Department began releasing emails the F.B.I. collected during its investigation into her use of a private email server.,"[{'neg': 0.0, 'neu': 1.0, 'pos': 0.0, 'compound': 0.0}]",neu,"[{'neg': 0.0, 'neu': 1.0, 'pos': 0.0, 'compound': 0.0}]",neu,0.0,0.0
2016-10-08,How Donald Trump Could Send Republicans Crashing Down,Todd Akin and Mark Foley offer examples of how scandals can damage candidates and congressional majorities.,"[{'neg': 0.0, 'neu': 1.0, 'pos': 0.0, 'compound': 0.0}]",neu,"[{'neg': 0.314, 'neu': 0.686, 'pos': 0.0, 'compound': -0.7506}]",neu,0.0,-0.7506
2016-10-08,Leaked Speech Excerpts Show a Hillary Clinton at Ease With Wall Street,"According to documents posted online by WikiLeaks, Mrs. Clinton displayed an easy comfort with business and embraced unfettered trade in paid speeches to financial firms.","[{'neg': 0.167, 'neu': 0.652, 'pos': 0.181, 'compound': 0.0516}]",neu,"[{'neg': 0.0, 'neu': 0.81, 'pos': 0.19, 'compound': 0.6597}]",neu,0.0516,0.6597
2016-10-08,Donald Goes to the Dogs,Vague on the issues and vulgar on women: the Donald Trump story.,"[{'neg': 0.0, 'neu': 1.0, 'pos': 0.0, 'compound': 0.0}]",neu,"[{'neg': 0.113, 'neu': 0.887, 'pos': 0.0, 'compound': -0.1027}]",neu,0.0,-0.1027
2016-10-09,Trump and Clinton’s Second Debate: Analysis,Here’s how we analyzed in real time the second presidential debate between Hillary Clinton and Donald J. Trump.,"[{'neg': 0.0, 'neu': 1.0, 'pos': 0.0, 'compound': 0.0}]",neu,"[{'neg': 0.0, 'neu': 1.0, 'pos': 0.0, 'compound': 0.0}]",neu,0.0,0.0
2016-10-09,"Inside Trump Tower, an Increasingly Upset and Alone Donald Trump","Shunned by many Republicans over his lewd comments about women, Mr. Trump spent most of Friday and Saturday at his headquarters as his advisers pondered his next steps.","[{'neg': 0.365, 'neu': 0.635, 'pos': 0.0, 'compound': -0.5574}]",neu,"[{'neg': 0.0, 'neu': 1.0, 'pos': 0.0, 'compound': 0.0}]",neu,-0.5574,0.0
2016-10-09,Presidential Debate: Here’s What You Missed,Hillary Clinton and Donald J. Trump took the stage after Mr. Trump held a news conference with women who have accused Bill Clinton of sexual assault over the years.,"[{'neg': 0.306, 'neu': 0.694, 'pos': 0.0, 'compound': -0.296}]",neu,"[{'neg': 0.188, 'neu': 0.812, 'pos': 0.0, 'compound': -0.7184}]",neu,-0.296,-0.7184
2016-10-09,Donald Trump’s Loyalists Aren’t Fleeing the Latest Storm,The Republican candidate’s supporters are apparently standing by him despite the release of a 2005 recording of him speaking about women in vulgar terms.,"[{'neg': 0.0, 'neu': 0.769, 'pos': 0.231, 'compound': 0.2732}]",neu,"[{'neg': 0.0, 'neu': 0.884, 'pos': 0.116, 'compound': 0.4404}]",neu,0.2732,0.4404
2016-10-09,"Women React With Fury to Donald Trump’s Remarks, but Some Offer Support",What to tell a 10-year-old daughter? Why hasn’t Mr. Trump outgrown the locker-room talk? These are among the questions being asked across the country.,"[{'neg': 0.148, 'neu': 0.629, 'pos': 0.223, 'compound': 0.296}]",neu,"[{'neg': 0.0, 'neu': 1.0, 'pos': 0.0, 'compound': 0.0}]",neu,0.296,0.0
2016-10-09,Hating Hillary Clinton: Female Comics Skewer the Sexism of the Likability Trap,"Jena Friedman and Michelle Wolf joke about the lack of excitement and hostility toward Mrs. Clinton’s candidacy, mocking the double standards behind the dislike.","[{'neg': 0.359, 'neu': 0.641, 'pos': 0.0, 'compound': -0.6808}]",neu,"[{'neg': 0.322, 'neu': 0.522, 'pos': 0.157, 'compound': -0.6908}]",neu,-0.6808,-0.6908
2016-10-09,"Donald Trump the Showman, Now Caught in the Klieg Lights","Donald J. Trump deftly used the blending of news and entertainment to build a brand, and then a campaign. But all that drama has turned into a big, messy show.","[{'neg': 0.0, 'neu': 1.0, 'pos': 0.0, 'compound': 0.0}]",neu,"[{'neg': 0.083, 'neu': 0.825, 'pos': 0.092, 'compound': 0.0772}]",neu,0.0,0.0772
2016-10-09,"Donald Trump, Florida, Nobel Prize: Your Weekend Briefing",Here’s what you need to know about the week’s top stories.,"[{'neg': 0.0, 'neu': 0.68, 'pos': 0.32, 'compound': 0.5106}]",neu,"[{'neg': 0.0, 'neu': 0.847, 'pos': 0.153, 'compound': 0.2023}]",neu,0.5106,0.2023
2016-10-10,"Donald Trump Probably Stanched His Losses, but Didn’t Seem to Gain","His debate showing most likely made it harder for other Republicans to abandon him, but seemed to do nothing to shift the race’s direction.","[{'neg': 0.12, 'neu': 0.583, 'pos': 0.298, 'compound': 0.5789}]",neu,"[{'neg': 0.078, 'neu': 0.922, 'pos': 0.0, 'compound': -0.2382}]",neu,0.5789,-0.2382
2016-10-10,"Donald Trump Talks at Debate, but Many Women Hear Only a 2005 Tape","Mr. Trump may have uttered words about unfair trade deals or threats to national security, but what some voters heard instead was his voice on that searing recording.","[{'neg': 0.0, 'neu': 1.0, 'pos': 0.0, 'compound': 0.0}]",neu,"[{'neg': 0.129, 'neu': 0.816, 'pos': 0.055, 'compound': -0.3071}]",neu,0.0,-0.3071
2016-10-10,Was That a Debate? Or Were the Candidates Just Trying to Go Viral?,"Donald J. Trump needed to drown out his embarrassing “Access Hollywood” video from 2005. So he tried to bring back 1998, and the Monica Lewinsky scandal.","[{'neg': 0.0, 'neu': 1.0, 'pos': 0.0, 'compound': 0.0}]",neu,"[{'neg': 0.286, 'neu': 0.714, 'pos': 0.0, 'compound': -0.8481}]",neu,0.0,-0.8481
2016-10-10,A Partisan Crowd Watches the Debate at the New Trump Hotel,"Sunday’s debate drew a crowd to the bar of the month-old Trump International Hotel in Washington, where the TVs were turned to Fox and free wine was flowing.","[{'neg': 0.0, 'neu': 1.0, 'pos': 0.0, 'compound': 0.0}]",neu,"[{'neg': 0.0, 'neu': 0.887, 'pos': 0.113, 'compound': 0.5106}]",neu,0.0,0.5106
2016-10-10,Ratings for Second Debate Dive 20 Percent,The audience for Sunday night’s bout between Hillary Clinton and Donald J. Trump fell sharply from their first debate.,"[{'neg': 0.0, 'neu': 1.0, 'pos': 0.0, 'compound': 0.0}]",neu,"[{'neg': 0.0, 'neu': 1.0, 'pos': 0.0, 'compound': 0.0}]",neu,0.0,0.0
2016-10-10,Fact Checks of the Second Presidential Debate,Reporters for The New York Times fact-checked the statements made by Hillary Clinton and Donald J. Trump during Sunday’s presidential debate.,"[{'neg': 0.0, 'neu': 1.0, 'pos': 0.0, 'compound': 0.0}]",neu,"[{'neg': 0.0, 'neu': 1.0, 'pos': 0.0, 'compound': 0.0}]",neu,0.0,0.0
2016-10-10,"From ‘Locker Room Talk’ to ‘Muslims Report Stuff,’ the Internet Strikes Back",Twitter has become the forum for three notable threads fueling public blowback to the presidential debate.,"[{'neg': 0.185, 'neu': 0.815, 'pos': 0.0, 'compound': -0.3612}]",neu,"[{'neg': 0.0, 'neu': 1.0, 'pos': 0.0, 'compound': 0.0}]",neu,-0.3612,0.0
2016-10-10,The Presidential Debate in Song: Who’s Gonna Work It Out?,Joseph Gordon-Levitt and the Gregory Brothers team up to present a musical mashup of highlights from the second 2016 presidential debate.,"[{'neg': 0.0, 'neu': 1.0, 'pos': 0.0, 'compound': 0.0}]",neu,"[{'neg': 0.0, 'neu': 1.0, 'pos': 0.0, 'compound': 0.0}]",neu,0.0,0.0
2016-10-10,Watch the Debate With Our Columnists,"Follow along, and discuss, the second presidential debate with our columnists Frank Bruni, Roger Cohen, Gail Collins, and Ross Douthat.","[{'neg': 0.0, 'neu': 1.0, 'pos': 0.0, 'compound': 0.0}]",neu,"[{'neg': 0.0, 'neu': 1.0, 'pos': 0.0, 'compound': 0.0}]",neu,0.0,0.0
2016-10-10,"Ken Bone Is Closer to Deciding, After Debate","Many people were fascinated by Mr. Bone, the undecided voter in the red sweater who asked a policy question Sunday night.","[{'neg': 0.0, 'neu': 1.0, 'pos': 0.0, 'compound': 0.0}]",neu,"[{'neg': 0.083, 'neu': 0.783, 'pos': 0.135, 'compound': 0.296}]",neu,0.0,0.296
2016-10-15,"‘We Should Take a Drug Test’ Before Debate, Donald Trump Says","Mr. Trump, offering no evidence, suggested to a crowd in New Hampshire that Hillary Clinton may have been on drugs during their last debate.","[{'neg': 0.0, 'neu': 1.0, 'pos': 0.0, 'compound': 0.0}]",neu,"[{'neg': 0.091, 'neu': 0.909, 'pos': 0.0, 'compound': -0.296}]",neu,0.0,-0.296
2016-10-15,Issues in Hillary Clinton’s Past Leave Her Muted in Furor Over Donald Trump,Mrs. Clinton has been scarred by old missteps and paralyzed by her husband’s history of facing accusations of sexual misconduct.,"[{'neg': 0.091, 'neu': 0.909, 'pos': 0.0, 'compound': -0.0516}]",neu,"[{'neg': 0.108, 'neu': 0.892, 'pos': 0.0, 'compound': -0.3182}]",neu,-0.0516,-0.3182
2016-10-15,The Other Campaign Madness: Mega-Donors,The public’s concern about the abuses of big money in elections has stirred virtually no straight-talk debate between the presidential candidates.,"[{'neg': 0.42, 'neu': 0.58, 'pos': 0.0, 'compound': -0.4404}]",neu,"[{'neg': 0.234, 'neu': 0.766, 'pos': 0.0, 'compound': -0.7003}]",neu,-0.4404,-0.7003
2016-10-15,How Turned Off Are Voters? Check Out Tommy’s Diner,"The Columbus, Ohio, establishment draws voters across the political spectrum. This year they share a distaste for both major-party candidates.","[{'neg': 0.0, 'neu': 1.0, 'pos': 0.0, 'compound': 0.0}]",neu,"[{'neg': 0.0, 'neu': 0.891, 'pos': 0.109, 'compound': 0.296}]",neu,0.0,0.296
2016-10-15,If Hillary Clinton Groped Men,Is there a double standard for women in politics? You decide.,"[{'neg': 0.0, 'neu': 1.0, 'pos': 0.0, 'compound': 0.0}]",neu,"[{'neg': 0.0, 'neu': 1.0, 'pos': 0.0, 'compound': 0.0}]",neu,0.0,0.0
2016-10-15,The Authentic Power of Michelle Obama,"Women will defeat Donald Trump, with the first lady leading the way.","[{'neg': 0.0, 'neu': 1.0, 'pos': 0.0, 'compound': 0.0}]",neu,"[{'neg': 0.214, 'neu': 0.786, 'pos': 0.0, 'compound': -0.4588}]",neu,0.0,-0.4588
2016-10-15,Donald Trump’s Barrage of Heated Rhetoric Has Little Precedent,"His near-apocalyptic warnings, accusations and crude innuendo are nearly unheard-of in modern campaigns, unnerving Republicans and enraging Democrats.","[{'neg': 0.0, 'neu': 1.0, 'pos': 0.0, 'compound': 0.0}]",neu,"[{'neg': 0.462, 'neu': 0.538, 'pos': 0.0, 'compound': -0.9001}]",neu,0.0,-0.9001
2016-10-15,"Urging Blacks to Vote for Clinton for Obama’s Sake, and Their Own",A new ad for Hillary Clinton argues that a vote for her is a vote to preserve President Obama’s legacy.,"[{'neg': 0.0, 'neu': 1.0, 'pos': 0.0, 'compound': 0.0}]",neu,"[{'neg': 0.14, 'neu': 0.86, 'pos': 0.0, 'compound': -0.3818}]",neu,0.0,-0.3818
2016-10-15,"As a Black Republican Senator, Tim Scott Faces a Unique Donald Trump Issue","Instead of defending Mr. Trump, Mr. Scott argues that Hillary Clinton and her fellow Democrats are just as bad on race matters.","[{'neg': 0.0, 'neu': 1.0, 'pos': 0.0, 'compound': 0.0}]",neu,"[{'neg': 0.233, 'neu': 0.725, 'pos': 0.042, 'compound': -0.7184}]",neu,0.0,-0.7184
2016-10-15,"For Paul Ryan, a Long, Labored Path Leading Away From Donald Trump","The House speaker, no fan from the start, struggles to safeguard his party’s control of Congress while declining to defend the billionaire candidate’s every misstep.","[{'neg': 0.0, 'neu': 1.0, 'pos': 0.0, 'compound': 0.0}]",neu,"[{'neg': 0.154, 'neu': 0.686, 'pos': 0.16, 'compound': 0.0516}]",neu,0.0,0.0516
2016-10-16,"Hillary Clinton Builds $150 Million War Chest, Doubling Donald Trump","September was Mr. Trump’s best fund-raising month, but he and committees linked to his campaign began October with only $75 million in cash on hand.","[{'neg': 0.302, 'neu': 0.698, 'pos': 0.0, 'compound': -0.5994}]",neu,"[{'neg': 0.0, 'neu': 0.769, 'pos': 0.231, 'compound': 0.7845}]",compound,-0.5994,0.7845
2016-10-16,"Specter of Trump Loosens Tongues, if Not Purse Strings, in Silicon Valley","The tech community’s usual reticence about politics is being upended by the prospect of a President Trump, even as traditional fund-raising is lagging.","[{'neg': 0.0, 'neu': 1.0, 'pos': 0.0, 'compound': 0.0}]",neu,"[{'neg': 0.086, 'neu': 0.823, 'pos': 0.091, 'compound': 0.0258}]",neu,0.0,0.0258
2016-10-16,Ripples From the ‘How Low Can They Go’ Campaign,"As the run for president veered to Donald J. Trump’s treatment of women, and whether Bill Clinton’s was worse, Americans collectively shook their heads.","[{'neg': 0.208, 'neu': 0.792, 'pos': 0.0, 'compound': -0.2732}]",neu,"[{'neg': 0.17, 'neu': 0.83, 'pos': 0.0, 'compound': -0.5423}]",neu,-0.2732,-0.5423
2016-10-16,"Donald Trump and the G.O.P.: The Party of Lincoln, Reagan and, Perhaps, Extinction","Mr. Trump’s rise has exacerbated tensions and deepened divisions within the 162-year-old Republican Party, raising concerns that it may go the way of the Whigs.","[{'neg': 0.0, 'neu': 0.816, 'pos': 0.184, 'compound': 0.4019}]",neu,"[{'neg': 0.095, 'neu': 0.81, 'pos': 0.095, 'compound': 0.0}]",neu,0.4019,0.0
2016-10-16,Officials Fight Donald Trump’s Claims of a Rigged Vote,Mr. Trump sowed doubts about the integrity of the democratic process on Sunday even as his own running mate assured voters the election would be legitimate.,"[{'neg': 0.459, 'neu': 0.541, 'pos': 0.0, 'compound': -0.6249}]",neu,"[{'neg': 0.073, 'neu': 0.759, 'pos': 0.168, 'compound': 0.4404}]",neu,-0.6249,0.4404
2016-10-16,Donald Trump Says He’s a ‘Big Fan’ of Hindus,"He also praised India’s prime minister, Narendra Modi, at an Indian-American charity event.","[{'neg': 0.0, 'neu': 1.0, 'pos': 0.0, 'compound': 0.0}]",neu,"[{'neg': 0.0, 'neu': 0.647, 'pos': 0.353, 'compound': 0.7184}]",compound,0.0,0.7184
2016-10-16,Peter Thiel to Donate $1.25 Million in Support of Donald Trump,"The billionaire investor, the only prominent supporter of the Republican candidate in the tech community, joins a very short list of large Trump contributors.","[{'neg': 0.0, 'neu': 0.787, 'pos': 0.213, 'compound': 0.4019}]",neu,"[{'neg': 0.0, 'neu': 0.827, 'pos': 0.173, 'compound': 0.5267}]",neu,0.4019,0.5267
2016-10-16,North Carolina G.O.P. Building Is Firebombed,"Graffiti painted nearby depicted a swastika and the warning, “Nazi Republicans leave town or else.”","[{'neg': 0.0, 'neu': 1.0, 'pos': 0.0, 'compound': 0.0}]",neu,"[{'neg': 0.231, 'neu': 0.769, 'pos': 0.0, 'compound': -0.3818}]",neu,0.0,-0.3818
2016-10-16,"U.S. Presidential Race, Chicago Cubs, Yemen: Your Weekend Briefing",Here’s what you need to know about the week’s top stories.,"[{'neg': 0.0, 'neu': 1.0, 'pos': 0.0, 'compound': 0.0}]",neu,"[{'neg': 0.0, 'neu': 0.847, 'pos': 0.153, 'compound': 0.2023}]",neu,0.0,0.2023
2016-10-17,What Are the New Battleground States?,The 2016 presidential matchup has accelerated trends that were expected to unfold gradually.,"[{'neg': 0.351, 'neu': 0.649, 'pos': 0.0, 'compound': -0.4019}]",neu,"[{'neg': 0.0, 'neu': 1.0, 'pos': 0.0, 'compound': 0.0}]",neu,-0.4019,0.0
2016-10-17,"For Clinton and Trump, There’s Little Debating a Climate Change Divide","Most Americans say they are interested in the issue, but it came up only once in the first two debates and is not among topics listed for the third.","[{'neg': 0.0, 'neu': 1.0, 'pos': 0.0, 'compound': 0.0}]",neu,"[{'neg': 0.0, 'neu': 0.938, 'pos': 0.062, 'compound': 0.2144}]",neu,0.0,0.2144
2016-10-17,"Daily Report: Reluctantly, Tech Notices the Election",Silicon Valley usually focuses on a long-term future. Now it’s starting to care about what happens on Nov. 8. That’s not easy.,"[{'neg': 0.189, 'neu': 0.811, 'pos': 0.0, 'compound': -0.1027}]",neu,"[{'neg': 0.098, 'neu': 0.772, 'pos': 0.13, 'compound': 0.2008}]",neu,-0.1027,0.2008
2016-10-17,"In Donald Trump, Conspiracy Fans Find a Campaign to Believe In","At a conference honoring Lee Harvey Oswald and featuring Roger Stone, Mr. Trump’s longtime confidant, attendees expressed deep suspicions of a powerful elite.","[{'neg': 0.274, 'neu': 0.726, 'pos': 0.0, 'compound': -0.5267}]",neu,"[{'neg': 0.094, 'neu': 0.677, 'pos': 0.229, 'compound': 0.5574}]",neu,-0.5267,0.5574
2016-10-17,Criticism of the News Media Takes On a More Sinister Tone,"Coverage of this year’s presidential campaign can certainly be faulted, but there is danger in the incendiary talk used by Donald Trump.","[{'neg': 0.47, 'neu': 0.53, 'pos': 0.0, 'compound': -0.796}]",neu,"[{'neg': 0.233, 'neu': 0.704, 'pos': 0.063, 'compound': -0.6808}]",neu,-0.796,-0.6808
2016-10-17,Sympathetic Canadians Have a Message for Americans: You Guys Are Great,"A new Canadian social media campaign, “Tell America It’s Great,” aims to give neighbors to the south a pep talk during this contentious election season.","[{'neg': 0.0, 'neu': 0.519, 'pos': 0.481, 'compound': 0.8126}]",compound,"[{'neg': 0.102, 'neu': 0.898, 'pos': 0.0, 'compound': -0.3612}]",neu,0.8126,-0.3612
2016-10-17,"Showing Confidence, Hillary Clinton Pushes Into Republican Strongholds",Mrs. Clinton hopes to extend her edge over Donald J. Trump and help other Democrats in what party leaders think could become an election that swamps Republicans at every level.,"[{'neg': 0.0, 'neu': 0.531, 'pos': 0.469, 'compound': 0.6486}]",compound,"[{'neg': 0.0, 'neu': 0.724, 'pos': 0.276, 'compound': 0.836}]",compound,0.6486,0.836
2016-10-17,"Donald Trump, the Worst of America","He is the logical extension of misogyny, racism, privilege and anti-intellectualism.","[{'neg': 0.451, 'neu': 0.549, 'pos': 0.0, 'compound': -0.6249}]",neu,"[{'neg': 0.263, 'neu': 0.577, 'pos': 0.16, 'compound': -0.3818}]",neu,-0.6249,-0.3818
2016-10-17,‘They’re Lies’: Melania Trump Rejects Women’s Claims That Husband Groped Them,"Ms. Trump, who has shied from interviews since her plagiarized speech at the Republican convention, said a lewd recording of her husband was “not the man that I know.”","[{'neg': 0.242, 'neu': 0.758, 'pos': 0.0, 'compound': -0.4939}]",neu,"[{'neg': 0.0, 'neu': 1.0, 'pos': 0.0, 'compound': 0.0}]",neu,-0.4939,0.0
2016-10-17,"For Donald Trump, Lessons in Grace",The patriotic concession speeches of prior presidential candidates show an alternative to his corrosive conspiracies.,"[{'neg': 0.0, 'neu': 0.641, 'pos': 0.359, 'compound': 0.4215}]",neu,"[{'neg': 0.0, 'neu': 1.0, 'pos': 0.0, 'compound': 0.0}]",neu,0.4215,0.0
2016-10-18,"Clinton Challenges Trump for a Traditional Republican Bloc, White Catholics",The Clinton campaign senses a rare opportunity to block Mr. Trump’s narrow path to victory by making inroads with a prized group of voters.,"[{'neg': 0.0, 'neu': 0.86, 'pos': 0.14, 'compound': 0.0772}]",neu,"[{'neg': 0.103, 'neu': 0.676, 'pos': 0.221, 'compound': 0.5106}]",neu,0.0772,0.5106
2016-10-18,Donald Trump Says He Might Meet With Putin Before Inauguration,"In a radio interview on Monday, Mr. Trump said that Hillary Clinton and the Obama administration have been too aggressive with the Russian president.","[{'neg': 0.0, 'neu': 1.0, 'pos': 0.0, 'compound': 0.0}]",neu,"[{'neg': 0.068, 'neu': 0.932, 'pos': 0.0, 'compound': -0.1531}]",neu,0.0,-0.1531
2016-10-18,Is the Election a Morality Play or Just Reality TV?,"All year we said it might come to this, and now it has.","[{'neg': 0.0, 'neu': 0.769, 'pos': 0.231, 'compound': 0.34}]",neu,"[{'neg': 0.0, 'neu': 1.0, 'pos': 0.0, 'compound': 0.0}]",neu,0.34,0.0
2016-10-18,"What This 2012 Map Tells Us About America, and the Election","History, race, religion, identity, geography: The 2012 election county-level map has many stories to tell, including about the 2016 race.","[{'neg': 0.0, 'neu': 1.0, 'pos': 0.0, 'compound': 0.0}]",neu,"[{'neg': 0.0, 'neu': 1.0, 'pos': 0.0, 'compound': 0.0}]",neu,0.0,0.0
2016-10-18,Teaching Seventh Graders in a ‘Total Mess’ of an Election Season,"In Wisconsin, a crucial swing state, one teacher has aimed for civility in class, but has struggled to discuss the shocking tone of the presidential race.","[{'neg': 0.0, 'neu': 1.0, 'pos': 0.0, 'compound': 0.0}]",neu,"[{'neg': 0.224, 'neu': 0.776, 'pos': 0.0, 'compound': -0.7684}]",neu,0.0,-0.7684
2016-10-18,Obama Tells Trump: Stop ‘Whining’ and Trying to Discredit the Election,"At a news conference, the president said Donald J. Trump’s claims showed that the Republican Party’s nominee lacked the leadership or toughness to be president.","[{'neg': 0.18, 'neu': 0.82, 'pos': 0.0, 'compound': -0.296}]",neu,"[{'neg': 0.05, 'neu': 0.95, 'pos': 0.0, 'compound': -0.0516}]",neu,-0.296,-0.0516
2016-10-18,Pro-Clinton ‘Super PAC’ to Tie Embattled Senators to Donald Trump in Ads,"The group, Priorities USA, will air ads attacking Republican senators in New Hampshire and Pennsylvania, a move made possible by Hillary Clinton’s lead over Mr. Trump.","[{'neg': 0.0, 'neu': 1.0, 'pos': 0.0, 'compound': 0.0}]",neu,"[{'neg': 0.111, 'neu': 0.889, 'pos': 0.0, 'compound': -0.4588}]",neu,0.0,-0.4588
2016-10-18,70 Nobel Laureates Endorse Hillary Clinton,"In a letter, the experts in science, medicine and economics argued for “a president who will support and advance policies that will enable science and technology to flourish.”","[{'neg': 0.0, 'neu': 0.685, 'pos': 0.315, 'compound': 0.3182}]",neu,"[{'neg': 0.083, 'neu': 0.828, 'pos': 0.089, 'compound': 0.0516}]",neu,0.3182,0.0516
2016-10-18,Pledging the Trump Fraternity,"Like other groups, Delta Kappa Trump has its own status symbols and initiation ceremonies.","[{'neg': 0.0, 'neu': 1.0, 'pos': 0.0, 'compound': 0.0}]",neu,"[{'neg': 0.0, 'neu': 0.839, 'pos': 0.161, 'compound': 0.3612}]",neu,0.0,0.3612
2016-10-18,Shameful Silence on Donald Trump’s Lies About Vote-Rigging,Republican leaders must reject the ridiculous notion that a national election can be “rigged.”,"[{'neg': 0.5, 'neu': 0.5, 'pos': 0.0, 'compound': -0.7184}]",neu,"[{'neg': 0.321, 'neu': 0.679, 'pos': 0.0, 'compound': -0.6369}]",neu,-0.7184,-0.6369
2016-10-19,Trump and Clinton’s Last Debate: Analysis,Here’s how we analyzed in real time the last presidential debate between Hillary Clinton and Donald J. Trump.,"[{'neg': 0.0, 'neu': 1.0, 'pos': 0.0, 'compound': 0.0}]",neu,"[{'neg': 0.0, 'neu': 1.0, 'pos': 0.0, 'compound': 0.0}]",neu,0.0,0.0
2016-10-19,Presidential Debate: What You Missed,"As polls show Donald J. Trump losing in must-win states, he and Hillary Clinton debated one last time.","[{'neg': 0.355, 'neu': 0.645, 'pos': 0.0, 'compound': -0.296}]",neu,"[{'neg': 0.133, 'neu': 0.867, 'pos': 0.0, 'compound': -0.3818}]",neu,-0.296,-0.3818
2016-10-19,"At Previous Debates, Melania Trump and Bill Clinton Shook Hands. Not Anymore.","In response to a Trump campaign plan at the last debate to parade women who accused Mr. Clinton of sexual assault into the hall, the Clinton campaign has gained approval to change entry protocol.","[{'neg': 0.113, 'neu': 0.887, 'pos': 0.0, 'compound': -0.1027}]",neu,"[{'neg': 0.147, 'neu': 0.713, 'pos': 0.14, 'compound': -0.0772}]",neu,-0.1027,-0.0772
2016-10-19,Do Campaign Ads Matter? Donald Trump Offers a Rare Chance to Find Out,Presidential rivals typically run roughly the same number of commercials. Donald Trump’s lack of advertising seems to be costing him.,"[{'neg': 0.0, 'neu': 0.763, 'pos': 0.237, 'compound': 0.2732}]",neu,"[{'neg': 0.106, 'neu': 0.833, 'pos': 0.06, 'compound': -0.25}]",neu,0.2732,-0.25
2016-10-19,"Guiding Trump, an Ex-General Who Shakes His Fist at Washington",Lt. Gen. Michael T. Flynn appears likely to emerge as the angry voice of what could best be described as the alternative right of the American national security establishment.,"[{'neg': 0.0, 'neu': 1.0, 'pos': 0.0, 'compound': 0.0}]",neu,"[{'neg': 0.092, 'neu': 0.724, 'pos': 0.184, 'compound': 0.5106}]",neu,0.0,0.5106
2016-10-19,Right-Wing Video Suggests D.N.C. Contractors Schemed to Incite Chaos at Donald Trump Rallies,"The undercover video was the work of Project Veritas Action, which sends researchers around the country to spy on the inner workings of Democratic campaigns.","[{'neg': 0.236, 'neu': 0.764, 'pos': 0.0, 'compound': -0.5719}]",neu,"[{'neg': 0.0, 'neu': 1.0, 'pos': 0.0, 'compound': 0.0}]",neu,-0.5719,0.0
2016-10-19,The New Blue and Red: An Educational Split Is Replacing the Culture War,"The traditional red-state, blue-state map of the 2000-2012 era was driven in part by cultural issues like abortion and same-sex marriage. Not this year.","[{'neg': 0.245, 'neu': 0.755, 'pos': 0.0, 'compound': -0.5994}]",neu,"[{'neg': 0.0, 'neu': 0.902, 'pos': 0.098, 'compound': 0.3612}]",neu,-0.5994,0.3612
2016-10-19,Julian Assange of WikiLeaks Unplugged,The anti-secrecy activist put his hosts at the Ecuadorean Embassy in London in an uncomfortable position with the United States.,"[{'neg': 0.0, 'neu': 1.0, 'pos': 0.0, 'compound': 0.0}]",neu,"[{'neg': 0.111, 'neu': 0.769, 'pos': 0.12, 'compound': 0.0516}]",neu,0.0,0.0516
2016-10-19,"Whoever Wins the White House, This Year’s Big Loser Is Email","The exposure of the Clinton campaign’s internal emails shows that a ubiquitous, and vulnerable, communication tool is ready for the scrap heap.","[{'neg': 0.211, 'neu': 0.559, 'pos': 0.23, 'compound': 0.0772}]",neu,"[{'neg': 0.081, 'neu': 0.812, 'pos': 0.107, 'compound': 0.1531}]",neu,0.0772,0.1531
2016-10-19,12 Questions We’d Like to Hear at the Presidential Debate,"Times reporters shared their questions on the six scheduled topics: immigration, the Supreme Court, entitlements, the economy, foreign policy and fitness for office.","[{'neg': 0.0, 'neu': 0.783, 'pos': 0.217, 'compound': 0.3612}]",neu,"[{'neg': 0.0, 'neu': 0.712, 'pos': 0.288, 'compound': 0.7964}]",compound,0.3612,0.7964
2016-10-20,Donald Trump Says He Will Accept Election Outcome (‘if I Win’),"“Of course I would accept a clear election result, but I would also reserve my right to contest or file a legal challenge in the case of a questionable result,” Mr. Trump said.","[{'neg': 0.0, 'neu': 0.776, 'pos': 0.224, 'compound': 0.3818}]",neu,"[{'neg': 0.086, 'neu': 0.706, 'pos': 0.209, 'compound': 0.25}]",neu,0.3818,0.25
2016-10-20,Donald Trump Won’t Say if He’ll Accept Result of Election,"“I will keep you in suspense,” Donald Trump said at a debate that began cordially but turned caustic. Hillary Clinton replied that his statement was “horrifying.”","[{'neg': 0.0, 'neu': 0.776, 'pos': 0.224, 'compound': 0.3818}]",neu,"[{'neg': 0.0, 'neu': 1.0, 'pos': 0.0, 'compound': 0.0}]",neu,0.3818,0.0
2016-10-20,Donald Trump’s Contempt for Democracy,"In saying he was not sure if he’d support the election results, Mr. Trump added another reason he is not qualified to be president.","[{'neg': 0.487, 'neu': 0.513, 'pos': 0.0, 'compound': -0.5859}]",neu,"[{'neg': 0.074, 'neu': 0.825, 'pos': 0.101, 'compound': 0.1872}]",neu,-0.5859,0.1872
2016-10-20,Was That a Presidential Debate or a Pitch for Trump TV?,"There were two Donald J. Trumps at the debate in Las Vegas: The presidential candidate, and the possible future media mogul.","[{'neg': 0.0, 'neu': 1.0, 'pos': 0.0, 'compound': 0.0}]",neu,"[{'neg': 0.0, 'neu': 1.0, 'pos': 0.0, 'compound': 0.0}]",neu,0.0,0.0
2016-10-20,"Trump, 5; Clinton, 1: Statements at Odds With the Constitution","Over the course of the campaign, both candidates — though Donald J. Trump more frequently than Hillary Clinton — have made statements that are in tension with the Constitution.","[{'neg': 0.0, 'neu': 1.0, 'pos': 0.0, 'compound': 0.0}]",neu,"[{'neg': 0.081, 'neu': 0.919, 'pos': 0.0, 'compound': -0.3182}]",neu,0.0,-0.3182
2016-10-20,"Debate Takeaways: Donald Trump Had a Lot to Do, and He Didn’t Do It","Mr. Trump showed more discipline than in the first two debates, but a few stumbles left him far short of the decisive victory he needed to shift voters’ perceptions.","[{'neg': 0.0, 'neu': 1.0, 'pos': 0.0, 'compound': 0.0}]",neu,"[{'neg': 0.0, 'neu': 0.92, 'pos': 0.08, 'compound': 0.3291}]",neu,0.0,0.3291
2016-10-20,Donald Trump vs. American Democracy,He’s desperate for a reason to explain why he’s losing.,"[{'neg': 0.0, 'neu': 1.0, 'pos': 0.0, 'compound': 0.0}]",neu,"[{'neg': 0.412, 'neu': 0.588, 'pos': 0.0, 'compound': -0.5994}]",neu,0.0,-0.5994
2016-10-20,The Debate in One Scary Answer,Donald Trump wouldn’t say if he’d accept the results of the election. He also cried foul when he didn’t win an Emmy for “The Celebrity Apprentice.”,"[{'neg': 0.39, 'neu': 0.61, 'pos': 0.0, 'compound': -0.4939}]",neu,"[{'neg': 0.081, 'neu': 0.719, 'pos': 0.2, 'compound': 0.5859}]",neu,-0.4939,0.5859
2016-10-20,"Hillary Clinton, Mocking and Taunting in Debate, Turns the Tormentor","In the third and final debate, Mrs. Clinton outmaneuvered Donald J. Trump with a surprising new approach: his.","[{'neg': 0.231, 'neu': 0.769, 'pos': 0.0, 'compound': -0.4019}]",neu,"[{'neg': 0.0, 'neu': 0.806, 'pos': 0.194, 'compound': 0.3818}]",neu,-0.4019,0.3818
2016-10-20,Workplace Politics (the Trump-Clinton Kind),"An employer weighs hiring a Trump supporter, while another urges her staff to vote for Clinton. Where to go for some peace? (Apparently not the dog run.)","[{'neg': 0.0, 'neu': 1.0, 'pos': 0.0, 'compound': 0.0}]",neu,"[{'neg': 0.0, 'neu': 0.811, 'pos': 0.189, 'compound': 0.6808}]",neu,0.0,0.6808
2016-10-21,Clinton Calls Trump Threat to Democracy,Hillary Clinton’s comments came as Donald J. Trump has repeatedly declined to say that he would accept the results of the presidential election.,"[{'neg': 0.405, 'neu': 0.595, 'pos': 0.0, 'compound': -0.5267}]",neu,"[{'neg': 0.0, 'neu': 0.894, 'pos': 0.106, 'compound': 0.3818}]",neu,-0.5267,0.3818
2016-10-21,Trump and Clinton Both Accelerated Spending in September,"Donald Trump spent $70 million, according to reports, more than double the $30 million in August. Hillary Clinton’s campaign spent even more, $95 million.","[{'neg': 0.0, 'neu': 1.0, 'pos': 0.0, 'compound': 0.0}]",neu,"[{'neg': 0.0, 'neu': 1.0, 'pos': 0.0, 'compound': 0.0}]",neu,0.0,0.0
2016-10-21,Hillary Clinton Makes Pitch for Mandate and a Swing-State Sweep,"Hoping to sweep swing states, Hillary Clinton spent the day in Ohio. In North Carolina, Donald Trump was restrained, predicting victory but saying that no matter the results he “will be happy with myself.”","[{'neg': 0.0, 'neu': 1.0, 'pos': 0.0, 'compound': 0.0}]",neu,"[{'neg': 0.068, 'neu': 0.733, 'pos': 0.198, 'compound': 0.6486}]",neu,0.0,0.6486
2016-10-21,Could Donald Trump Reject the Election Results? Yes. Would It Do Any Good? Nope.,"Should either candidate refuse to accept the outcome on Nov. 8, there are a number of ways he or she could try to change it, but they are nearly all on a state-by-state basis.","[{'neg': 0.137, 'neu': 0.56, 'pos': 0.303, 'compound': 0.504}]",neu,"[{'neg': 0.048, 'neu': 0.864, 'pos': 0.088, 'compound': 0.09}]",neu,0.504,0.09
2016-10-21,Donald Trump’s Defiance Is Seen as ‘Colossal Mistake’ That Threatens U.S. Image,"Diplomats and elected officials fear that Mr. Trump, if he loses, will severely undermine the international reputation of the American political system.","[{'neg': 0.191, 'neu': 0.809, 'pos': 0.0, 'compound': -0.3818}]",neu,"[{'neg': 0.373, 'neu': 0.627, 'pos': 0.0, 'compound': -0.8658}]",neu,-0.3818,-0.8658
2016-10-21,"The Hawk on Russia Policy? Hillary Clinton, Not Donald Trump","If Mrs. Clinton wins, she will enter the White House with the most contentious relationship with Russia of any president in more than three decades.","[{'neg': 0.0, 'neu': 1.0, 'pos': 0.0, 'compound': 0.0}]",neu,"[{'neg': 0.085, 'neu': 0.788, 'pos': 0.127, 'compound': 0.2975}]",neu,0.0,0.2975
2016-10-21,"In Debate, Hillary Clinton’s Clarion Call for Women Thrills Many",Mrs. Clinton seemed to speak to a new generation of women — and to many young men — by assailing Donald J. Trump over sexual assault and harassment.,"[{'neg': 0.0, 'neu': 0.783, 'pos': 0.217, 'compound': 0.3612}]",neu,"[{'neg': 0.241, 'neu': 0.759, 'pos': 0.0, 'compound': -0.8074}]",neu,0.3612,-0.8074
2016-10-21,"Donald Trump, Enemy of Democracy",What’s the best response from all of us? To fight his attempted despotism with more democracy.,"[{'neg': 0.467, 'neu': 0.533, 'pos': 0.0, 'compound': -0.5423}]",neu,"[{'neg': 0.125, 'neu': 0.673, 'pos': 0.202, 'compound': 0.3818}]",neu,-0.5423,0.3818
2016-10-21,"Widening Attack on G.O.P., Obama Targets Marco Rubio in Florida",The president’s criticism showcased a determination to broaden his indictment of Mr. Trump into an indictment of the Republican Party.,"[{'neg': 0.256, 'neu': 0.744, 'pos': 0.0, 'compound': -0.4767}]",neu,"[{'neg': 0.119, 'neu': 0.658, 'pos': 0.222, 'compound': 0.3612}]",neu,-0.4767,0.3612
2016-10-21,How to Repair Moral Capital,The task ahead: globalism with solidarity.,"[{'neg': 0.0, 'neu': 1.0, 'pos': 0.0, 'compound': 0.0}]",neu,"[{'neg': 0.0, 'neu': 0.694, 'pos': 0.306, 'compound': 0.296}]",neu,0.0,0.296
2016-10-22,Outside Money Favors Hillary Clinton at a 2-to-1 Rate Over Donald Trump,"Organizations supporting Mrs. Clinton have raised nearly $200 million, defying expectations that conservatives and corporations would dominate spending.","[{'neg': 0.0, 'neu': 0.833, 'pos': 0.167, 'compound': 0.25}]",neu,"[{'neg': 0.074, 'neu': 0.784, 'pos': 0.142, 'compound': 0.34}]",neu,0.25,0.34
2016-10-22,"Thank You, Donald Trump",His boasts have shown what women endure every day.,"[{'neg': 0.0, 'neu': 0.545, 'pos': 0.455, 'compound': 0.3612}]",neu,"[{'neg': 0.0, 'neu': 1.0, 'pos': 0.0, 'compound': 0.0}]",neu,0.3612,0.0
2016-10-22,The Rich Vote Republican? Maybe Not This Election,"In recent decades, voters earning more than $100,000 have favored Republican presidential nominees, but a poll suggests a majority of them plan to support Hillary Clinton in this election.","[{'neg': 0.0, 'neu': 0.66, 'pos': 0.34, 'compound': 0.5574}]",neu,"[{'neg': 0.0, 'neu': 0.821, 'pos': 0.179, 'compound': 0.6652}]",neu,0.5574,0.6652
2016-10-22,"If They Google You, Do You Win?","Internet search data can tell us something about Election Day. What that something is, though, is very hard to say.","[{'neg': 0.0, 'neu': 0.612, 'pos': 0.388, 'compound': 0.5859}]",neu,"[{'neg': 0.082, 'neu': 0.918, 'pos': 0.0, 'compound': -0.1761}]",neu,0.5859,-0.1761
2016-10-22,Donald Trump Pledges to ‘Heal Divisions’ (and Sue His Accusers),"Mr. Trump went to Gettysburg, Pa., for what was supposed to be a major policy speech. He spent much of it dwelling on grievances.","[{'neg': 0.0, 'neu': 1.0, 'pos': 0.0, 'compound': 0.0}]",neu,"[{'neg': 0.102, 'neu': 0.854, 'pos': 0.045, 'compound': -0.34}]",neu,0.0,-0.34
2016-10-22,Don’t Take Donald Trump to Dinner,"Like so much else, he found a way to ruin a 70-year-old tradition where candidates show up for inoffensive fun.","[{'neg': 0.0, 'neu': 1.0, 'pos': 0.0, 'compound': 0.0}]",neu,"[{'neg': 0.154, 'neu': 0.61, 'pos': 0.236, 'compound': 0.25}]",neu,0.0,0.25
2016-10-22,The Dangers of Hillary Clinton,The safer choice has perils of her own.,"[{'neg': 0.444, 'neu': 0.556, 'pos': 0.0, 'compound': -0.4939}]",neu,"[{'neg': 0.0, 'neu': 0.714, 'pos': 0.286, 'compound': 0.4215}]",neu,-0.4939,0.4215
2016-10-22,John McCain’s Choice on Trump,"The senator could try to rebuild the Republican Party, or he could play it safe.","[{'neg': 0.0, 'neu': 1.0, 'pos': 0.0, 'compound': 0.0}]",neu,"[{'neg': 0.0, 'neu': 0.6, 'pos': 0.4, 'compound': 0.7906}]",compound,0.0,0.7906
2016-10-22,Donald Trump’s Warning on Election Result Sounds Familiar to Some Immigrants,The candidate’s recent comments about the legitimacy of the election have perversely made some immigrants feel right at home.,"[{'neg': 0.194, 'neu': 0.806, 'pos': 0.0, 'compound': -0.34}]",neu,"[{'neg': 0.151, 'neu': 0.849, 'pos': 0.0, 'compound': -0.4939}]",neu,-0.34,-0.4939
2016-10-22,A WikiLeaks Lesson for Mrs. Clinton,"If Mrs. Clinton had “leaked” her own speeches, few would be talking about them now.","[{'neg': 0.0, 'neu': 1.0, 'pos': 0.0, 'compound': 0.0}]",neu,"[{'neg': 0.0, 'neu': 1.0, 'pos': 0.0, 'compound': 0.0}]",neu,0.0,0.0
2016-10-23,Hillary Clinton Presses Her Advantage Over a Struggling Donald Trump,"With a strong lead in national polls, Mrs. Clinton is urging core Democratic constituencies to vote early in states where balloting has begun.","[{'neg': 0.237, 'neu': 0.593, 'pos': 0.169, 'compound': -0.2023}]",neu,"[{'neg': 0.0, 'neu': 0.864, 'pos': 0.136, 'compound': 0.5106}]",neu,-0.2023,0.5106
2016-10-23,"With Tom Hanks Aboard, ‘S.N.L.’ Parodies Final Presidential Debate","In the show’s opening sketch, Alec Baldwin and Kate McKinnon reprised their roles as Donald Trump and Hillary Clinton, with Mr. Hanks playing the moderator Chris Wallace.","[{'neg': 0.0, 'neu': 0.879, 'pos': 0.121, 'compound': 0.0258}]",neu,"[{'neg': 0.0, 'neu': 0.935, 'pos': 0.065, 'compound': 0.2023}]",neu,0.0258,0.2023
2016-10-23,G.O.P. Hopefuls in New York Races Walk Tightrope on Donald Trump,Republicans are trying to find a balance between expressing support for Mr. Trump and distancing themselves from a candidate who may become toxic to the moderates and independents they need to win.,"[{'neg': 0.0, 'neu': 1.0, 'pos': 0.0, 'compound': 0.0}]",neu,"[{'neg': 0.0, 'neu': 0.812, 'pos': 0.188, 'compound': 0.7579}]",neu,0.0,0.7579
2016-10-23,"AT&T, Chicago Cubs and Mosul: Your Weekend Briefing",Here’s what you need to know about the week’s top stories.,"[{'neg': 0.0, 'neu': 1.0, 'pos': 0.0, 'compound': 0.0}]",neu,"[{'neg': 0.0, 'neu': 0.847, 'pos': 0.153, 'compound': 0.2023}]",neu,0.0,0.2023
2016-10-23,"Obama Assists 150 State Candidates, Targeting G.O.P.’s Grip on Legislatures","Republicans control most statehouse chambers, but with Donald J. Trump stumbling, Democrats hope for down-ballot gains in Minnesota, Colorado, Nevada and elsewhere.","[{'neg': 0.0, 'neu': 1.0, 'pos': 0.0, 'compound': 0.0}]",neu,"[{'neg': 0.0, 'neu': 0.742, 'pos': 0.258, 'compound': 0.7876}]",compound,0.0,0.7876
2016-10-23,‘Not a Regular Day’: What a Trump Rally Clash Reveals About a Divided Nation,"In June in San Jose, Calif., a tug of war over a sign supporting Donald J. Trump sent one man to jail for six days and another man to soul-searching. This is their story.","[{'neg': 0.0, 'neu': 1.0, 'pos': 0.0, 'compound': 0.0}]",neu,"[{'neg': 0.106, 'neu': 0.815, 'pos': 0.079, 'compound': -0.25}]",neu,0.0,-0.25
2016-10-23,The Corporate Confidence of the AT&T-Time Warner Deal,"Big deals are usually postponed during times of political and economic uncertainty, but many corporate titans apparently see smooth sailing ahead.","[{'neg': 0.0, 'neu': 0.68, 'pos': 0.32, 'compound': 0.5106}]",neu,"[{'neg': 0.14, 'neu': 0.86, 'pos': 0.0, 'compound': -0.2732}]",neu,0.5106,-0.2732
2016-10-23,"Mosul, AT&T and U.S. Presidential Election: Your Monday Briefing",Here’s what you need to know to start your day.,"[{'neg': 0.0, 'neu': 1.0, 'pos': 0.0, 'compound': 0.0}]",neu,"[{'neg': 0.0, 'neu': 1.0, 'pos': 0.0, 'compound': 0.0}]",neu,0.0,0.0
2016-10-24,Could Hillary Clinton Win Texas? Some Democrats Say Maybe,"The state has voted for the G.O.P. candidate in the past nine presidential elections, but Donald J. Trump may have created an opening for Mrs. Clinton.","[{'neg': 0.0, 'neu': 0.678, 'pos': 0.322, 'compound': 0.5859}]",neu,"[{'neg': 0.0, 'neu': 0.909, 'pos': 0.091, 'compound': 0.3612}]",neu,0.5859,0.3612
2016-10-24,Clinton’s Specter of Illegitimacy,Why is the election “rigged” at the very moment that a woman is on the verge of victory?,"[{'neg': 0.0, 'neu': 1.0, 'pos': 0.0, 'compound': 0.0}]",neu,"[{'neg': 0.0, 'neu': 1.0, 'pos': 0.0, 'compound': 0.0}]",neu,0.0,0.0
2016-10-24,"To Flip the House, How Big Would a Clinton Victory Margin Need to Be?",Hillary Clinton would probably need to win by double digits; every percentage point added to her victory margin would add around half a point to the average Democratic candidate.,"[{'neg': 0.0, 'neu': 1.0, 'pos': 0.0, 'compound': 0.0}]",neu,"[{'neg': 0.0, 'neu': 0.877, 'pos': 0.123, 'compound': 0.5859}]",neu,0.0,0.5859
2016-10-24,Liberals Hope Elizabeth Warren Will Serve as Clinton’s Scrutinizer in Chief,"With polls showing that Hillary Clinton is likely to prevail in the election, liberal Democrats are beginning to exert pressure over her potential appointments.","[{'neg': 0.0, 'neu': 0.775, 'pos': 0.225, 'compound': 0.4404}]",neu,"[{'neg': 0.087, 'neu': 0.913, 'pos': 0.0, 'compound': -0.296}]",neu,0.4404,-0.296
2016-10-24,WikiLeaks’ Gift to American Democracy,Revelations about Donald Trump and the Clinton campaign have pulled back the curtain on the political-celebrity mythmaking the media too often abets.,"[{'neg': 0.0, 'neu': 0.58, 'pos': 0.42, 'compound': 0.4404}]",neu,"[{'neg': 0.0, 'neu': 1.0, 'pos': 0.0, 'compound': 0.0}]",neu,0.4404,0.0
2016-10-24,"Some Health Plan Costs to Increase by an Average of 25 Percent, U.S. Says",Consumers in some states will also find significantly fewer insurance companies offering coverage under the Affordable Care Act.,"[{'neg': 0.0, 'neu': 0.85, 'pos': 0.15, 'compound': 0.3182}]",neu,"[{'neg': 0.0, 'neu': 0.842, 'pos': 0.158, 'compound': 0.4939}]",neu,0.3182,0.4939
2016-10-24,It’s Trump’s Party,Don’t let anyone pretend otherwise.,"[{'neg': 0.0, 'neu': 0.426, 'pos': 0.574, 'compound': 0.4019}]",pos,"[{'neg': 0.259, 'neu': 0.741, 'pos': 0.0, 'compound': -0.1027}]",neu,0.4019,-0.1027
2016-10-24,Black Democrats to Hillary Clinton: Send Money to Take Congress,"Two senior African-American lawmakers urged Mrs. Clinton to fund turnout efforts in down-ballot races, warning that control of Congress will be crucial to her agenda if she wins.","[{'neg': 0.0, 'neu': 1.0, 'pos': 0.0, 'compound': 0.0}]",neu,"[{'neg': 0.075, 'neu': 0.81, 'pos': 0.115, 'compound': 0.3182}]",neu,0.0,0.3182
2016-10-24,"Donald Trump Dismisses Latest Accuser: ‘Oh, I’m Sure She’s Never Been Grabbed Before’","Mr. Trump disparaged an actress named Jessica Drake, who over the weekend said that in 2006 he had groped and kissed her without her permission.","[{'neg': 0.0, 'neu': 0.839, 'pos': 0.161, 'compound': 0.3182}]",neu,"[{'neg': 0.086, 'neu': 0.821, 'pos': 0.093, 'compound': 0.0516}]",neu,0.3182,0.0516
2016-10-24,"U.S. Election, Calais, AT&T: Your Monday Briefing",Here’s what you need to know to start your day.,"[{'neg': 0.0, 'neu': 1.0, 'pos': 0.0, 'compound': 0.0}]",neu,"[{'neg': 0.0, 'neu': 1.0, 'pos': 0.0, 'compound': 0.0}]",neu,0.0,0.0
